reference_no,start_year,end_year,publish_year,country,region,latitude,longitude,pollinator_order,pollinator_family,pollinator_species,study_method,trend,drivers_reported,decline_value,sample_size,source_sheet,order_raw,family_raw,row_id,continent,x22,notes,x24,row_id_2,pollinator_order_norm,pollinator_family_norm,family_raw_norm,fig_s3_zhong_chu_xian_de_you_xiao_chuan_fen_zhe,x25,x26,x27,x28,x29,x30,order_key,yi,vi
H1,1900,2007,2009,USA,Illinois,39.9858,-89.2089,Hymenoptera,Apidae,Bombus affinis,Historical  + Field,Decline,"Multiple, Habitat, Pesticides, Pathogens",-0.33,50,Hymenoptera,Hymenoptera,Apidae,5,North America,,Corrected audit 2026-06-03: decline_value retained from the source estimate; sample_size corrected to the species-specific 2007 individual count reported in Table 2.,,5,hymenoptera,apidae,apidae,,,,,,,,hym,-0.4004775665971253,0.02
H1,1900,2007,2009,USA,Illinois,39.9858,-89.2089,Hymenoptera,Apidae,Bombus fraternus,Historical  + Field,Decline,"Multiple, Habitat, Pesticides, Pathogens",-0.33,4,Hymenoptera,Hymenoptera,Apidae,6,North America,,Corrected audit 2026-06-03: decline_value retained from the source estimate; sample_size corrected to the species-specific 2007 individual count reported in Table 2.,,6,hymenoptera,apidae,apidae,,,,,,,,hym,-0.4004775665971253,0.25
H1,1900,2007,2009,USA,Illinois,39.9858,-89.2089,Hymenoptera,Apidae,Bombus pensylvanicus,Historical  + Field,Decline,"Multiple, Habitat, Pesticides, Pathogens",-0.33,160,Hymenoptera,Hymenoptera,Apidae,7,North America,,Corrected audit 2026-06-03: decline_value retained from the source estimate; sample_size corrected to the species-specific 2007 individual count reported in Table 2.,,7,hymenoptera,apidae,apidae,,,,,,,,hym,-0.4004775665971253,0.00625
H1,1900,2007,2009,USA,Illinois,39.9858,-89.2089,Hymenoptera,Apidae,Bombus vagans,Historical  + Field,Decline,"Multiple, Habitat, Pesticides, Pathogens",-0.33,91,Hymenoptera,Hymenoptera,Apidae,8,North America,,Corrected audit 2026-06-03: decline_value retained from the source estimate; sample_size corrected to the species-specific 2007 individual count reported in Table 2.,,8,hymenoptera,apidae,apidae,,,,,,,,hym,-0.4004775665971253,0.0109890109890109
H9,1864,2009,2012,"USA, Canada",Eastern Nearctic,43.0,-79.0,Hymenoptera,Apidae,Bombus affinis,Historical,Decline,"Multiple, Habitat, Pathogens, Climate",-0.735,1563,Hymenoptera,Hymenoptera,Apidae,32,North America,,"H9: Decline_Value was derived from Table 1 ‘persistence’, defined as the proportion of re-sampled historical 50×50 km grid cells (cells with any Bombus record in 1864–1990 and sampled again in 1991–2009) that remained occupied by the focal species in 1991–2009.  We calculated Decline_Value as persistence − 1, which quantifies loss of occupancy within the re-sampled historical range (range persistence loss) rather than absolute abundance change.  Sample_Size is the species’ total number of specimen/occurrence records in the cleaned database (Table 2 ‘Total records’, 1864–2009).”",Melittidae（蜜蜂科的一个小分支，蜜蜂类）,32,hymenoptera,apidae,apidae,,,,,,,,hym,-1.328025453,0.00064
H9,1864,2009,2012,"USA, Canada",Eastern Nearctic,43.0,-79.0,Hymenoptera,Apidae,Bombus ashtoni,Historical,Decline,"Multiple, Habitat, Pathogens",-0.653,941,Hymenoptera,Hymenoptera,Apidae,33,North America,,,Perilampidae（丽蜂科）,33,hymenoptera,apidae,apidae,,,,,,,,hym,-1.058430499,0.001062699
H9,1864,2009,2012,"USA, Canada",Eastern Nearctic,43.0,-79.0,Hymenoptera,Apidae,Bombus auricomus,Historical,Decline,"Multiple, Habitat, Pathogens",-0.508,493,Hymenoptera,Hymenoptera,Apidae,34,North America,,,Pompilidae（蜘蛛蜂科）,34,hymenoptera,apidae,apidae,,,,,,,,hym,-0.709276562,0.002028398
H9,1864,2009,2012,"USA, Canada",Eastern Nearctic,43.0,-79.0,Hymenoptera,Apidae,Bombus bimaculatus,Historical,Increase,,-0.163,2952,Hymenoptera,Hymenoptera,Apidae,35,North America,,,Pteromalidae（小蜂科）,35,hymenoptera,apidae,apidae,,,,,,,,hym,-0.177931208,0.000339
H9,1864,2009,2012,"USA, Canada",Eastern Nearctic,43.0,-79.0,Hymenoptera,Apidae,Bombus borealis,Historical,Decline,,-0.729,1067,Hymenoptera,Hymenoptera,Apidae,36,North America,,,Scelionidae（卵蜂科）,36,hymenoptera,apidae,apidae,,,,,,,,hym,-1.305636458,0.000937
H9,1864,2009,2012,"USA, Canada",Eastern Nearctic,43.0,-79.0,Hymenoptera,Apidae,Bombus citrinus,Historical,Decline,,-0.241,1202,Hymenoptera,Hymenoptera,Apidae,37,North America,,,Scoliidae（蝉蜂科）,37,hymenoptera,apidae,apidae,,,,,,,,hym,-0.275753502,0.000832
H9,1864,2009,2012,"USA, Canada",Eastern Nearctic,43.0,-79.0,Hymenoptera,Apidae,Bombus fernaldae,Historical,Decline,"Multiple, Habitat, Pathogens, Climate",-0.767,474,Hymenoptera,Hymenoptera,Apidae,38,North America,,,Sphecidae（泥蜂科）,38,hymenoptera,apidae,apidae,,,,,,,,hym,-1.456716825,0.002109705
H9,1864,2009,2012,"USA, Canada",Eastern Nearctic,43.0,-79.0,Hymenoptera,Apidae,Bombus fervidus,Historical,Decline,"Multiple, Habitat, Pathogens, Climate",-0.448,3937,Hymenoptera,Hymenoptera,Apidae,39,North America,,,Tenthredinidae（叶蜂科）,39,hymenoptera,apidae,apidae,,,,,,,,hym,-0.594207233,0.000254
H9,1864,2009,2012,"USA, Canada",Eastern Nearctic,43.0,-79.0,Hymenoptera,Apidae,Bombus fraternus,Historical,Decline,"Multiple, Habitat, Pathogens, Climate",-0.727,145,Hymenoptera,Hymenoptera,Apidae,40,North America,,,Thynnidae（兰蜂科，著名的兰科性欺骗授粉者）,40,hymenoptera,apidae,apidae,,,,,,,,hym,-1.298283484,0.006896552
H9,1864,2009,2012,"USA, Canada",Eastern Nearctic,43.0,-79.0,Hymenoptera,Apidae,Bombus frigidus,Historical,Decline,"Multiple, Habitat, Pathogens, Climate",-0.429,1830,Hymenoptera,Hymenoptera,Apidae,41,North America,,,Tiphiidae（拟蝎蜂科）,41,hymenoptera,apidae,apidae,,,,,,,,hym,-0.560366069,0.000546
H9,1864,2009,2012,"USA, Canada",Eastern Nearctic,43.0,-79.0,Hymenoptera,Apidae,Bombus griseocollis,Historical,Decline,"Multiple, Habitat, Pathogens, Climate",-0.278,2870,Hymenoptera,Hymenoptera,Apidae,42,North America,,,Torymidae（花蜂科）,42,hymenoptera,apidae,apidae,,,,,,,,hym,-0.32573014,0.000348
H9,1864,2009,2012,"USA, Canada",Eastern Nearctic,43.0,-79.0,Hymenoptera,Apidae,Bombus impatiens,Historical,Increase,,-0.159,9111,Hymenoptera,Hymenoptera,Apidae,43,North America,,,Vespidae（胡蜂科，含黄蜂、马蜂、长腹胡蜂等）,43,hymenoptera,apidae,apidae,,,,,,,,hym,-0.173163619,0.00011
H9,1864,2009,2012,"USA, Canada",Eastern Nearctic,43.0,-79.0,Hymenoptera,Apidae,Bombus insularis,Historical,Decline,"Multiple, Habitat, Pathogens, Climate",-0.556,1025,Hymenoptera,Hymenoptera,Apidae,44,North America,,,,44,hymenoptera,apidae,apidae,,,,,,,,hym,-0.811930717,0.000976
H9,1864,2009,2012,"USA, Canada",Eastern Nearctic,43.0,-79.0,Hymenoptera,Apidae,Bombus pensylvanicus,Historical,Decline,"Multiple, Habitat, Pathogens, Climate",-0.656,2024,Hymenoptera,Hymenoptera,Apidae,45,North America,,,,45,hymenoptera,apidae,apidae,,,,,,,,hym,-1.067113622,0.000494
H9,1864,2009,2012,"USA, Canada",Eastern Nearctic,43.0,-79.0,Hymenoptera,Apidae,Bombus perplexus,Historical,Stable,"Multiple, Habitat, Pathogens, Climate",-0.369,1735,Hymenoptera,Hymenoptera,Apidae,46,North America,,,,46,hymenoptera,apidae,apidae,,,,,,,,hym,-0.460449416,0.000576
H9,1864,2009,2012,"USA, Canada",Eastern Nearctic,43.0,-79.0,Hymenoptera,Apidae,Bombus rufocinctus,Historical,Increase,,-0.333,2671,Hymenoptera,Hymenoptera,Apidae,47,North America,,,,47,hymenoptera,apidae,apidae,,,,,,,,hym,-0.404965233,0.000374
H9,1864,2009,2012,"USA, Canada",Eastern Nearctic,43.0,-79.0,Hymenoptera,Apidae,Bombus sandersoni,Historical,Decline,"Multiple, Habitat, Pathogens, Climate",-0.732,472,Hymenoptera,Hymenoptera,Apidae,48,North America,,,,48,hymenoptera,apidae,apidae,,,,,,,,hym,-1.316768298,0.002118644
H9,1864,2009,2012,"USA, Canada",Eastern Nearctic,43.0,-79.0,Hymenoptera,Apidae,Bombus ternarius,Historical,Decline,"Multiple, Habitat, Pathogens, Climate",-0.278,2502,Hymenoptera,Hymenoptera,Apidae,49,North America,,,,49,hymenoptera,apidae,apidae,,,,,,,,hym,-0.32573014,0.0004
H9,1864,2009,2012,"USA, Canada",Eastern Nearctic,43.0,-79.0,Hymenoptera,Apidae,Bombus terricola,Historical,Decline,"Multiple, Habitat, Pathogens, Climate",-0.482,3724,Hymenoptera,Hymenoptera,Apidae,50,North America,,,,50,hymenoptera,apidae,apidae,,,,,,,,hym,-0.657780037,0.000269
H9,1864,2009,2012,"USA, Canada",Eastern Nearctic,43.0,-79.0,Hymenoptera,Apidae,Bombus vagans,Historical,Decline,"Multiple, Habitat, Pathogens, Climate",-0.369,3965,Hymenoptera,Hymenoptera,Apidae,51,North America,,,,51,hymenoptera,apidae,apidae,,,,,,,,hym,-0.460449416,0.000252
H13,1999,2014,2016,USA,Coastal California ,36.6706,-121.5903,Hymenoptera,Apidae,Bombus spp. (B. vosnesenskii / B. caliginosus complex),Field,Decline,"Multiple, Climate, Competition",-0.11,85,Hymenoptera,Hymenoptera,Apidae,54,North America,,,,54,hymenoptera,apidae,apidae,,,,,,,,hym,-0.116533816,0.011764706
H23,2013,2017,2020,Panama,Darien NP,8.0178,-77.7327,Hymenoptera,Apidae,Euglossa imperialis,Field,Decline,"Multiple, Climate, Pesticides, Urbanization",-0.38,786,Hymenoptera,Hymenoptera,Apidae,64,North America,,"Species-level abundance trajectories were extracted from Figure 3 using WebPlotDigitizer (Burda et al., 2017).  For each species, canopy (solid line with circles) and understory (dashed line with triangles) counts were digitised at each sampling date and combined as total abundance = canopy + understory for that date.  Temporal trends were estimated by fitting a linear regression log(total abundance + 1) ~ year, using all digitised time points to minimise subjectivity associated with start–end comparisons and to accommodate zero observations.  The fitted slope (β) was converted to an annual proportional change as Decline_Value = exp(β) − 1.  Sample_Size represents the total number of individuals collected per species as reported in Table I (“Number collected”), while the number of digitised observations used in the regression is recorded as [n_timepoints] (e.g., 12 dates × 1 total series per species).Sample_Size corresponds to Table I ‘Number collected’, i.e., the total number of individuals captured for each Euglossa species across the entire study period (2013–2017). This value represents overall sampling intensity (total individuals), not the number of digitised time points used for trend estimation.",,64,hymenoptera,apidae,apidae,,,,,,,,hym,-0.478035801,0.001272265
H23,2013,2017,2020,Panama,Darien NP,8.0178,-77.7327,Hymenoptera,Apidae,Euglossa tridentata,Field,Decline,"Multiple, Climate, Pesticides, Urbanization",-0.65,693,Hymenoptera,Hymenoptera,Apidae,65,North America,,,,65,hymenoptera,apidae,apidae,,,,,,,,hym,-1.049822124,0.001443001
H23,2013,2017,2020,Panama,Darien NP,8.0178,-77.7327,Hymenoptera,Apidae,Euglossa hansoni,Field,Decline,"Multiple, Climate, Pesticides, Urbanization",-0.6,294,Hymenoptera,Hymenoptera,Apidae,66,North America,,,,66,hymenoptera,apidae,apidae,,,,,,,,hym,-0.916290732,0.003401361
H23,2013,2017,2020,Panama,Darien NP,8.0178,-77.7327,Hymenoptera,Apidae,Euglossa deceptrix,Field,Decline,"Multiple, Climate, Pesticides, Urbanization",-0.3,281,Hymenoptera,Hymenoptera,Apidae,67,North America,,,,67,hymenoptera,apidae,apidae,,,,,,,,hym,-0.356674944,0.003558719
H23,2013,2017,2020,Panama,Darien NP,8.0178,-77.7327,Hymenoptera,Apidae,Euglossa variabilis,Field,Decline,"Multiple, Climate, Pesticides, Urbanization",-0.35,235,Hymenoptera,Hymenoptera,Apidae,68,North America,,,,68,hymenoptera,apidae,apidae,,,,,,,,hym,-0.430782916,0.004255319
H23,2013,2017,2020,Panama,Darien NP,8.0178,-77.7327,Hymenoptera,Apidae,Euglossa despecta,Field,Decline,"Multiple, Climate, Pesticides, Urbanization",-0.55,121,Hymenoptera,Hymenoptera,Apidae,69,North America,,,,69,hymenoptera,apidae,apidae,,,,,,,,hym,-0.798507696,0.008264463
H23,2013,2017,2020,Panama,Darien NP,8.0178,-77.7327,Hymenoptera,Apidae,Euglossa ignita,Field,Decline,"Multiple, Climate, Pesticides, Urbanization",-0.4,105,Hymenoptera,Hymenoptera,Apidae,70,North America,,,,70,hymenoptera,apidae,apidae,,,,,,,,hym,-0.510825624,0.00952381
H23,2013,2017,2020,Panama,Darien NP,8.0178,-77.7327,Hymenoptera,Apidae,Euglossa flammea,Field,Decline,"Multiple, Climate, Pesticides, Urbanization",-0.7,99,Hymenoptera,Hymenoptera,Apidae,71,North America,,Corrected audit 2026-06-03: decline_value retained as WebPlotDigitizer-derived/figure-derived; sample_size corrected to the species-specific abundance after row-alignment audit.,,71,hymenoptera,apidae,apidae,,,,,,,,hym,-1.203972804325936,0.0101010101010101
H23,2013,2017,2020,Panama,Darien NP,8.0178,-77.7327,Hymenoptera,Apidae,Euglossa gorgonensis,Field,Decline,"Multiple, Climate, Pesticides, Urbanization",-0.65,73,Hymenoptera,Hymenoptera,Apidae,72,North America,,Corrected audit 2026-06-03: decline_value retained as WebPlotDigitizer-derived/figure-derived; sample_size corrected to the species-specific abundance after row-alignment audit.,,72,hymenoptera,apidae,apidae,,,,,,,,hym,-1.0498221244986778,0.0136986301369863
H23,2013,2017,2020,Panama,Darien NP,8.0178,-77.7327,Hymenoptera,Apidae,Euglossa bursigera,Field,Decline,"Multiple, Climate, Pesticides, Urbanization",-0.35,67,Hymenoptera,Hymenoptera,Apidae,73,North America,,Corrected audit 2026-06-03: decline_value retained as WebPlotDigitizer-derived/figure-derived; sample_size corrected to the species-specific abundance after row-alignment audit.,,73,hymenoptera,apidae,apidae,,,,,,,,hym,-0.4307829160924542,0.0149253731343283
H23,2013,2017,2020,Panama,Darien NP,8.0178,-77.7327,Hymenoptera,Apidae,Euglossa sapphirina,Field,Decline,"Multiple, Climate, Pesticides, Urbanization",-0.55,44,Hymenoptera,Hymenoptera,Apidae,74,North America,,Corrected audit 2026-06-03: decline_value retained as WebPlotDigitizer-derived/figure-derived; sample_size corrected to the species-specific abundance after row-alignment audit.,,74,hymenoptera,apidae,apidae,,,,,,,,hym,-0.7985076962177717,0.0227272727272727
H23,2013,2017,2020,Panama,Darien NP,8.0178,-77.7327,Hymenoptera,Apidae,Euglossa cyanaspis,Field,Decline,"Multiple, Climate, Pesticides, Urbanization",-0.9,36,Hymenoptera,Hymenoptera,Apidae,75,North America,,Corrected audit 2026-06-03: decline_value retained as WebPlotDigitizer-derived/figure-derived; sample_size corrected to the species-specific abundance after row-alignment audit.,,75,hymenoptera,apidae,apidae,,,,,,,,hym,-2.302585092994046,0.0277777777777777
H23,2013,2017,2020,Panama,Darien NP,8.0178,-77.7327,Hymenoptera,Apidae,Euglossa heterosticta,Field,Decline,"Multiple, Climate, Pesticides, Urbanization",-0.2,36,Hymenoptera,Hymenoptera,Apidae,76,North America,,,,76,hymenoptera,apidae,apidae,,,,,,,,hym,-0.223143551,0.027777778
H23,2013,2017,2020,Panama,Darien NP,8.0178,-77.7327,Hymenoptera,Apidae,Euglossa dissimula,Field,Decline,"Multiple, Climate, Pesticides, Urbanization",-0.75,30,Hymenoptera,Hymenoptera,Apidae,77,North America,,Corrected audit 2026-06-03: decline_value retained as WebPlotDigitizer-derived/figure-derived; sample_size corrected to the species-specific abundance after row-alignment audit.,,77,hymenoptera,apidae,apidae,,,,,,,,hym,-1.3862943611198906,0.0333333333333333
H23,2013,2017,2020,Panama,Darien NP,8.0178,-77.7327,Hymenoptera,Apidae,Euglossa dodsoni,Field,Decline,"Multiple, Climate, Pesticides, Urbanization",-0.9,27,Hymenoptera,Hymenoptera,Apidae,78,North America,,Corrected audit 2026-06-03: decline_value retained as WebPlotDigitizer-derived/figure-derived; sample_size corrected to the species-specific abundance after row-alignment audit.,,78,hymenoptera,apidae,apidae,,,,,,,,hym,-2.302585092994046,0.037037037037037
H23,2013,2017,2020,Panama,Darien NP,8.0178,-77.7327,Hymenoptera,Apidae,Euglossa allosticta,Field,Decline,"Multiple, Climate, Pesticides, Urbanization",-0.8,26,Hymenoptera,Hymenoptera,Apidae,79,North America,,Corrected audit 2026-06-03: decline_value retained as WebPlotDigitizer-derived/figure-derived; sample_size corrected to the species-specific abundance after row-alignment audit.,,79,hymenoptera,apidae,apidae,,,,,,,,hym,-1.6094379124341005,0.0384615384615384
H23,2013,2017,2020,Panama,Darien NP,8.0178,-77.7327,Hymenoptera,Apidae,Euglossa asarophora,Field,Decline,"Multiple, Climate, Pesticides, Urbanization",-0.7,13,Hymenoptera,Hymenoptera,Apidae,81,North America,,Corrected audit 2026-06-03: decline_value retained as WebPlotDigitizer-derived/figure-derived; sample_size corrected to the species-specific abundance after row-alignment audit.,,81,hymenoptera,apidae,apidae,,,,,,,,hym,-1.203972804325936,0.0769230769230769
H23,2013,2017,2020,Panama,Darien NP,8.0178,-77.7327,Hymenoptera,Apidae,Euglossa mixta,Field,Decline,"Multiple, Climate, Pesticides, Urbanization",-0.85,12,Hymenoptera,Hymenoptera,Apidae,82,North America,,Corrected audit 2026-06-03: decline_value retained as WebPlotDigitizer-derived/figure-derived; sample_size corrected to the species-specific abundance after row-alignment audit.,,82,hymenoptera,apidae,apidae,,,,,,,,hym,-1.897119984885881,0.0833333333333333
H23,2013,2017,2020,Panama,Darien NP,8.0178,-77.7327,Hymenoptera,Apidae,Euglossa crassipunctata,Field,Recovery,"Multiple, Climate, Pesticides, Urbanization",0.1,9,Hymenoptera,Hymenoptera,Apidae,83,North America,,Corrected audit 2026-06-03: decline_value retained as WebPlotDigitizer-derived/figure-derived; sample_size corrected to the species-specific abundance after row-alignment audit.,,83,hymenoptera,apidae,apidae,,,,,,,,hym,0.0953101798043248,0.1111111111111111
H23,2013,2017,2020,Panama,Darien NP,8.0178,-77.7327,Hymenoptera,Apidae,Euglossa dressleri,Field,Decline,"Multiple, Climate, Pesticides, Urbanization",-0.8,8,Hymenoptera,Hymenoptera,Apidae,84,North America,,Corrected audit 2026-06-03: decline_value retained as WebPlotDigitizer-derived/figure-derived; sample_size corrected to the species-specific abundance after row-alignment audit.,,84,hymenoptera,apidae,apidae,,,,,,,,hym,-1.6094379124341005,0.125
H23,2013,2017,2020,Panama,Darien NP,8.0178,-77.7327,Hymenoptera,Apidae,Euglossa championi,Field,Decline,"Multiple, Climate, Pesticides, Urbanization",-0.85,7,Hymenoptera,Hymenoptera,Apidae,85,North America,,Corrected audit 2026-06-03: decline_value retained as WebPlotDigitizer-derived/figure-derived; sample_size corrected to the species-specific abundance after row-alignment audit.,,85,hymenoptera,apidae,apidae,,,,,,,,hym,-1.897119984885881,0.1428571428571428
H23,2013,2017,2020,Panama,Darien NP,8.0178,-77.7327,Hymenoptera,Apidae,Euglossa turbinifex,Field,Decline,"Multiple, Climate, Pesticides, Urbanization",0.4,3,Hymenoptera,Hymenoptera,Apidae,86,North America,,Corrected audit 2026-06-03: decline_value retained as WebPlotDigitizer-derived/figure-derived; sample_size corrected to the species-specific abundance after row-alignment audit.,,86,hymenoptera,apidae,apidae,,,,,,,,hym,0.3364722366212129,0.3333333333333333
H23,2013,2017,2020,Panama,Darien NP,8.0178,-77.7327,Hymenoptera,Apidae,Euglossa cognata,Field,Decline,"Multiple, Climate, Pesticides, Urbanization",-0.9,2,Hymenoptera,Hymenoptera,Apidae,87,North America,,Corrected audit 2026-06-03: decline_value retained as WebPlotDigitizer-derived/figure-derived; sample_size corrected to the species-specific abundance after row-alignment audit.,,87,hymenoptera,apidae,apidae,,,,,,,,hym,-2.302585092994046,0.5
H28,2004,2018,2021,USA,Southwestern Michigan,42.6,-86.0,Hymenoptera,Andrenidae,Andrena carolina,Field,Recovery,,-0.972,622,Hymenoptera,Hymenoptera,Andrenidae,94,North America,,"Sample_Size and Decline_Value were derived from the study’s supplementary Table S1 (raw specimen counts by sampling period).  The original study reported bee records aggregated into three sampling periods: SP1 (2004–2006), SP2 (2013–2014), and SP3 (2017–2018).  For each species, we extracted the raw count reported for each period (i.e., number of individuals captured/recorded in that period).  Sample_Size (Total N): calculated as the sum of raw counts across all available sampling periods: \text{Sample\_Size} = N_{SP1} + N_{SP2} + N_{SP3}, where N_{SP1}, N_{SP2}, and N_{SP3} are the species-specific counts reported in Table S1.  Decline_Value (period-level change): quantified as the proportional change in raw counts from SP1 to SP2, using SP1 as the baseline: \text{Decline\_Value} = \frac{N_{SP2} - N_{SP1}}{N_{SP1}}, Negative values indicate a decline in counts between SP1 and SP2;  positive values indicate an increase.  Important clarification: This derived “Decline_Value” represents a period-level change in observed counts between SP1 and SP2 and is not the same metric as the paper’s year-to-year “average abundance percent change” visualised in Fig. 7.  We used Table S1 counts because they provide a fully reproducible and directly auditable basis for effect-size derivation without digitising figures.  Edge cases: If N_{SP1}=0, the proportional change is undefined;  such cases should be flagged and handled consistently (e.g., exclude, apply a small continuity correction, or compute an alternative contrast).  In the current dataset, all included species had N_{SP1} > 0.",,94,hymenoptera,andrenidae,andrenidae,,,,,,,,hym,-3.575550769,0.001607717
H28,2004,2018,2021,USA,Southwestern Michigan,42.6,-86.0,Hymenoptera,Andrenidae,Andrena carlini,Field,Decline,Climate,-0.978,155,Hymenoptera,Hymenoptera,Andrenidae,95,North America,,,,95,hymenoptera,andrenidae,andrenidae,,,,,,,,hym,-3.816712826,0.006451613
H28,2004,2018,2021,USA,Southwestern Michigan,42.6,-86.0,Hymenoptera,Andrenidae,Andrena imitatrix,Field,Decline,Climate,-0.947,164,Hymenoptera,Hymenoptera,Andrenidae,96,North America,,,,96,hymenoptera,andrenidae,andrenidae,,,,,,,,hym,-2.937463365,0.006097561
H28,2004,2018,2021,USA,Southwestern Michigan,42.6,-86.0,Hymenoptera,Andrenidae,Andrena crataegi,Field,Decline,Climate,-0.932,78,Hymenoptera,Hymenoptera,Andrenidae,97,North America,,,,97,hymenoptera,andrenidae,andrenidae,,,,,,,,hym,-2.688247574,0.012820513
H28,2004,2018,2021,USA,Southwestern Michigan,42.6,-86.0,Hymenoptera,Andrenidae,Lasioglossum imitatum,Field,Decline,Climate,-0.685,193,Hymenoptera,Hymenoptera,Andrenidae,98,North America,,,,98,hymenoptera,andrenidae,andrenidae,,,,,,,,hym,-1.15518264,0.005181347
H28,2004,2018,2021,USA,Southwestern Michigan,42.6,-86.0,Hymenoptera,Andrenidae,Lasioglossum leucozonium,Field,Decline,Climate,-0.813,219,Hymenoptera,Hymenoptera,Andrenidae,99,North America,,,,99,hymenoptera,andrenidae,andrenidae,,,,,,,,hym,-1.676646662,0.00456621
H28,2004,2018,2021,USA,Southwestern Michigan,42.6,-86.0,Hymenoptera,Andrenidae,Ceratina calcarata,Field,Decline,Climate,-0.664,312,Hymenoptera,Hymenoptera,Andrenidae,100,North America,,,,100,hymenoptera,andrenidae,andrenidae,,,,,,,,hym,-1.090644119,0.003205128
H60,1997,2012,2017,Brazil,Atlantic Forest ,-19.1349,-40.0206,Hymenoptera,Apidae,Euglossa carolina,Historical + Field,Increase,,0.47,1732,Hymenoptera,Hymenoptera,Apidae,119,South America,,"Pollinator_Species restricted to the 8 “habitat preferences well-defined” orchid-bee species explicitly compared between Bonilla-Gómez (1996–1997) and the present resurvey (2009) (Tables 2–3).  Sample_Size = total individuals captured in 2009 (present study) from Table 1 “Total” column.  Decline_Value = proportional change in absolute abundance standardised by effort, using mean bees captured per hour (Table 3): (Present mean bees/hour − Bonilla mean bees/hour) / Bonilla mean bees/hour (negative = decline, positive = increase).",,119,hymenoptera,apidae,apidae,,,,,,,,hym,0.385262401,0.000577
H60,1997,2012,2017,Brazil,Atlantic Forest ,-19.1349,-40.0206,Hymenoptera,Apidae,Euglossa ignita,Historical + Field,Increase,,0.333,105,Hymenoptera,Hymenoptera,Apidae,120,South America,,,,120,hymenoptera,apidae,apidae,,,,,,,,hym,0.287432041,0.00952381
H60,1997,2012,2017,Brazil,Atlantic Forest ,-19.1349,-40.0206,Hymenoptera,Apidae,Euglossa mixta,Historical + Field,Increase,,1.0,134,Hymenoptera,Hymenoptera,Apidae,121,South America,,Corrected audit 2026-06-03: positive decline_value exceeded 1 in the original dataset and was capped at 1 to keep proportional change within the analysis scale (maximum 100% increase).,,121,hymenoptera,apidae,apidae,,,,,,,,hym,0.6931471805599453,0.0074626865671641
H60,1997,2012,2017,Brazil,Atlantic Forest ,-19.1349,-40.0206,Hymenoptera,Apidae,Eulaema nigrita,Historical + Field,Decline,Habitat,-0.258,227,Hymenoptera,Hymenoptera,Apidae,122,South America,,,,122,hymenoptera,apidae,apidae,,,,,,,,hym,-0.298406036,0.004405286
H60,1997,2012,2017,Brazil,Atlantic Forest ,-19.1349,-40.0206,Hymenoptera,Apidae,Euglossa cognata,Historical + Field,Decline,Habitat,-0.571,28,Hymenoptera,Hymenoptera,Apidae,123,South America,,,,123,hymenoptera,apidae,apidae,,,,,,,,hym,-0.84629836,0.035714286
H60,1997,2012,2017,Brazil,Atlantic Forest ,-19.1349,-40.0206,Hymenoptera,Apidae,Euglossa imperialis,Historical + Field,Decline,Habitat,-0.19,168,Hymenoptera,Hymenoptera,Apidae,124,South America,,,,124,hymenoptera,apidae,apidae,,,,,,,,hym,-0.210721031,0.005952381
H60,1997,2012,2017,Brazil,Atlantic Forest ,-19.1349,-40.0206,Hymenoptera,Apidae,Euglossa marianae,Historical + Field,Increase,Habitat,-0.608,214,Hymenoptera,Hymenoptera,Apidae,125,South America,,,,125,hymenoptera,apidae,apidae,,,,,,,,hym,-0.936493439,0.004672897
H60,1997,2012,2017,Brazil,Atlantic Forest ,-19.1349,-40.0206,Hymenoptera,Apidae,Euglossa roubiki,Historical + Field,Increase,Habitat,-0.389,156,Hymenoptera,Hymenoptera,Apidae,126,South America,,,,126,hymenoptera,apidae,apidae,,,,,,,,hym,-0.49265832,0.006410256
H67,2016,2020,2021,USA,Wyoming,43.075,-107.2903,Hymenoptera,Apidae,Bombus occidentalis,Historical  + Field,Decline,"Multiple, Habitat, Climate, Pathogens",-0.05,103,Hymenoptera,Hymenoptera,Apidae,127,North America,,H67:Decline_Value represents the proportional change in predicted highly suitable habitat area for Bombus occidentalis between the historical SDM (1910–2010) and the current SDM (2017–2018).  The paper reports that areas predicted to be highly suitable declined by 5%;  therefore Decline_Value was recorded as −0.05.  This metric reflects habitat suitability change rather than population abundance change.  Sample_Size (103) corresponds to the total number of field sampling sites surveyed in 2017–2018 (including 28 revisited historical locations plus additional new sites),,127,hymenoptera,apidae,apidae,,,,,,,,hym,-0.051293294,0.009708738
H71,2008,2014,2019,USA,Midwest,42.032,-93.581,Hymenoptera,Apidae,Bombus auricomus,Field,Decline,"Multiple, Habitat, Climate, Pathogens",-0.641,39,Hymenoptera,Hymenoptera,Apidae,129,North America,,,,129,hymenoptera,apidae,apidae,,,,,,,,hym,-1.02443289,0.025641026
H71,2008,2014,2019,USA,Midwest,42.032,-93.581,Hymenoptera,Apidae,Bombus bimaculatus,Field,Decline,"Multiple, Habitat, Climate, Pathogens",0.367,49,Hymenoptera,Hymenoptera,Apidae,130,North America,,,,130,hymenoptera,apidae,apidae,,,,,,,,hym,0.312618558,0.020408163
H71,2008,2014,2019,USA,Midwest,42.032,-93.581,Hymenoptera,Apidae,Bombus borealis,Field,Decline,"Multiple, Habitat, Climate, Pathogens",-0.5,54,Hymenoptera,Hymenoptera,Apidae,131,North America,,,,131,hymenoptera,apidae,apidae,,,,,,,,hym,-0.693147181,0.018518519
H71,2008,2014,2019,USA,Midwest,42.032,-93.581,Hymenoptera,Apidae,Bombus fervidus,Field,Decline,"Multiple, Habitat, Climate, Pathogens",-0.645,76,Hymenoptera,Hymenoptera,Apidae,132,North America,,,,132,hymenoptera,apidae,apidae,,,,,,,,hym,-1.03563749,0.013157895
H71,2008,2014,2019,USA,Midwest,42.032,-93.581,Hymenoptera,Apidae,Bombus griseocollis,Field,Decline,"Multiple, Habitat, Climate, Pathogens",0.097,72,Hymenoptera,Hymenoptera,Apidae,133,North America,,,,133,hymenoptera,apidae,apidae,,,,,,,,hym,0.092579181,0.013888889
H71,2008,2014,2019,USA,Midwest,42.032,-93.581,Hymenoptera,Apidae,Bombus impatiens,Field,Decline,"Multiple, Habitat, Climate, Pathogens",0.306,62,Hymenoptera,Hymenoptera,Apidae,134,North America,,,,134,hymenoptera,apidae,apidae,,,,,,,,hym,0.266969031,0.016129032
H71,2008,2014,2019,USA,Midwest,42.032,-93.581,Hymenoptera,Apidae,Bombus pensylvanicus,Field,Increase,"Multiple, Habitat, Climate, Pathogens",-0.978,45,Hymenoptera,Hymenoptera,Apidae,135,North America,,,,135,hymenoptera,apidae,apidae,,,,,,,,hym,-3.816712826,0.022222222
H71,2008,2014,2019,USA,Midwest,42.032,-93.581,Hymenoptera,Apidae,Bombus perplexus,Field,Increase,"Multiple, Habitat, Climate, Pathogens",-0.208,53,Hymenoptera,Hymenoptera,Apidae,136,North America,,,,136,hymenoptera,apidae,apidae,,,,,,,,hym,-0.233193887,0.018867925
H71,2008,2014,2019,USA,Midwest,42.032,-93.581,Hymenoptera,Apidae,Bombus ternarius,Field,Increase,"Multiple, Habitat, Climate, Pathogens",-0.067,45,Hymenoptera,Hymenoptera,Apidae,137,North America,,,,137,hymenoptera,apidae,apidae,,,,,,,,hym,-0.069350078,0.022222222
H71,2008,2014,2019,USA,Midwest,42.032,-93.581,Hymenoptera,Apidae,Bombus terricola,Field,Increase,"Multiple, Habitat, Climate, Pathogens",-0.708,72,Hymenoptera,Hymenoptera,Apidae,138,North America,,,,138,hymenoptera,apidae,apidae,,,,,,,,hym,-1.231001477,0.013888889
H71,2008,2014,2019,USA,Midwest,42.032,-93.581,Hymenoptera,Apidae,Bombus vagans,Field,Decline,"Multiple, Habitat, Climate, Pathogens",-0.127,79,Hymenoptera,Hymenoptera,Apidae,139,North America,,,,139,hymenoptera,apidae,apidae,,,,,,,,hym,-0.135819723,0.012658228
H137,2003,2017,2020,USA,Mid-Atlantic,39.0,-77.0,Hymenoptera,Megachilidae,Osmia atriventris,Field,Decline,Invasives,-0.1277,442,Hymenoptera,Hymenoptera,Megachilidae,168,North America,,"H137: Species-level trends were derived from the authors’ GLMMs (negative binomial, log link). Table 1 reports the estimated mean change per year on the original scale (multiplicative factor) and the corresponding percent mean change per year.  To standardise effect sizes across studies, we defined Decline_Value as proportional annual change: Decline_Value = (estimated mean change per year − 1) (e.g., 0.8723 → −0.1277, equivalent to −12.77% per year).  Sample_Size was recorded as n (specimen records) used in each species-level model (Table 1). Only species with n > 50 were included in species-level analyses",,168,hymenoptera,megachilidae,megachilidae,,,,,,,,hym,-0.136621878,0.002262443
H137,2003,2017,2020,USA,Mid-Atlantic,39.0,-77.0,Hymenoptera,Megachilidae,Osmia bucephala,Field,Decline,Invasives,-0.1226,217,Hymenoptera,Hymenoptera,Megachilidae,169,North America,,,,169,hymenoptera,megachilidae,megachilidae,,,,,,,,hym,-0.13079229,0.004608295
H137,2003,2017,2020,USA,Mid-Atlantic,39.0,-77.0,Hymenoptera,Megachilidae,Osmia collinsiae,Field,Decline,Invasives,-0.1366,135,Hymenoptera,Hymenoptera,Megachilidae,170,North America,,,,170,hymenoptera,megachilidae,megachilidae,,,,,,,,hym,-0.146877196,0.007407407
H137,2003,2017,2020,USA,Mid-Atlantic,39.0,-77.0,Hymenoptera,Megachilidae,Osmia georgica,Field,Decline,Invasives,-0.097,293,Hymenoptera,Hymenoptera,Megachilidae,171,North America,,,,171,hymenoptera,megachilidae,megachilidae,,,,,,,,hym,-0.102032726,0.003412969
H137,2003,2017,2020,USA,Mid-Atlantic,39.0,-77.0,Hymenoptera,Megachilidae,Osmia lignaria,Field,Decline,Invasives,-0.1378,76,Hymenoptera,Hymenoptera,Megachilidae,172,North America,,,,172,hymenoptera,megachilidae,megachilidae,,,,,,,,hym,-0.148268017,0.013157895
H137,2003,2017,2020,USA,Mid-Atlantic,39.0,-77.0,Hymenoptera,Megachilidae,Osmia pumila,Field,Decline,Invasives,-0.1597,1588,Hymenoptera,Hymenoptera,Megachilidae,173,North America,,,,173,hymenoptera,megachilidae,megachilidae,,,,,,,,hym,-0.173996308,0.00063
H137,2003,2017,2020,USA,Mid-Atlantic,39.0,-77.0,Hymenoptera,Megachilidae,Osmia cornifrons (exotic),Field,Stable,Invasives,0.0084,618,Hymenoptera,Hymenoptera,Megachilidae,174,North America,,,,174,hymenoptera,megachilidae,megachilidae,,,,,,,,hym,0.008364916,0.001618123
H137,2003,2017,2020,USA,Mid-Atlantic,39.0,-77.0,Hymenoptera,Megachilidae,Osmia taurus (exotic),Field,Increase,Invasives,0.1699,2288,Hymenoptera,Hymenoptera,Megachilidae,175,North America,,,,175,hymenoptera,megachilidae,megachilidae,,,,,,,,hym,0.156918275,0.000437
H165,2009,2009,2010,Greece,Peloponnesus,37.6792,22.0839,Hymenoptera,Apidae,Apis mellifera,Field + Molecular,Decline,"Multiple, Pathogens, Pesticides, Climate",-0.58,37,Hymenoptera,Hymenoptera,Apidae,177,Europe,,"H165: This study reports an acute summer colony depopulation event in Greece (Jun–Jul 2009), rather than a multi-year population trend. Decline_Value was extracted as the mean apiary-level loss proportion reported in Table 1 (losses of 70%, 60%, 50%, 50%, and 60% across five apiaries; mean = 58%), and recorded as −0.58 to indicate decline. Sample_Size (37) corresponds to the number of bee samples collected from the five affected apiaries for pathogen/pesticide screening (not the number of apiaries/colonies).",,177,hymenoptera,apidae,apidae,,,,,,,,hym,-0.867500568,0.027027027
H185,1910,2009,2012,USA,Vermont,44.0886,-72.7317,Hymenoptera,Apidae,Bombus affinis,Historical  + Field,Decline,"Multiple, Habitat, Pesticides, Pathogens, Climate",-0.123,205,Hymenoptera,Hymenoptera,Apidae,183,North America,,"H185: Decline metric used: Relative-abundance change between historic (1915–1999) and modern subsample (2000–2014, records within ≤5 km of historic localities). Decline_Value was extracted from Table 1 as “RA change (subsample)” = RA(5 km sample) − RA(historic). Negative values indicate a decrease in relative abundance; positive values indicate an increase. Sample size used: Species-level Sample_Size was calculated as n_historic + n_modern(5 km subsample) (Table 1: “Historic collections” + “5 km sample”), consistent with the dataset used to compute RA change (subsample). Why subsample: The modern dataset was subsampled to reduce spatial bias because historic and modern localities differed; the subsample includes only modern collections within ≤5 km of a historic locality (N=5299).",,183,hymenoptera,apidae,apidae,,,,,,,,hym,-0.131248287,0.004878049
H185,1910,2009,2012,USA,Vermont,44.0886,-72.7317,Hymenoptera,Apidae,Bombus ashtoni,Historical  + Field,Decline,"Multiple, Habitat, Pesticides, Pathogens, Climate",-0.008,14,Hymenoptera,Hymenoptera,Apidae,184,North America,,,,184,hymenoptera,apidae,apidae,,,,,,,,hym,-0.008032172,0.071428571
H185,1910,2009,2012,USA,Vermont,44.0886,-72.7317,Hymenoptera,Apidae,Bombus auricomus,Historical  + Field,Stable,,0.0,1,Hymenoptera,Hymenoptera,Apidae,185,North America,,,,185,hymenoptera,apidae,apidae,,,,,,,,hym,0.0,1.0
H185,1910,2009,2012,USA,Vermont,44.0886,-72.7317,Hymenoptera,Apidae,Bombus bimaculatus,Historical  + Field,Increase,,0.08,518,Hymenoptera,Hymenoptera,Apidae,186,North America,,,,186,hymenoptera,apidae,apidae,,,,,,,,hym,0.076961041,0.001930502
H185,1910,2009,2012,USA,Vermont,44.0886,-72.7317,Hymenoptera,Apidae,Bombus borealis,Historical  + Field,Increase,,0.031,226,Hymenoptera,Hymenoptera,Apidae,187,North America,,,,187,hymenoptera,apidae,apidae,,,,,,,,hym,0.030529205,0.004424779
H185,1910,2009,2012,USA,Vermont,44.0886,-72.7317,Hymenoptera,Apidae,Bombus citrinus,Historical  + Field,Decline,"Multiple, Habitat, Pesticides, Pathogens, Climate",-0.025,138,Hymenoptera,Hymenoptera,Apidae,188,North America,,,,188,hymenoptera,apidae,apidae,,,,,,,,hym,-0.025317808,0.007246377
H185,1910,2009,2012,USA,Vermont,44.0886,-72.7317,Hymenoptera,Apidae,Bombus fernaldae,Historical  + Field,Decline,"Multiple, Habitat, Pesticides, Pathogens, Climate",-0.001,1,Hymenoptera,Hymenoptera,Apidae,189,North America,,,,189,hymenoptera,apidae,apidae,,,,,,,,hym,-0.0010005,1.0
H185,1910,2009,2012,USA,Vermont,44.0886,-72.7317,Hymenoptera,Apidae,Bombus fervidus,Historical  + Field,Decline,"Multiple, Habitat, Pesticides, Pathogens, Climate",-0.13,331,Hymenoptera,Hymenoptera,Apidae,190,North America,,,,190,hymenoptera,apidae,apidae,,,,,,,,hym,-0.139262067,0.003021148
H185,1910,2009,2012,USA,Vermont,44.0886,-72.7317,Hymenoptera,Apidae,Bombus griseocollis,Historical  + Field,Increase,,0.021,253,Hymenoptera,Hymenoptera,Apidae,191,North America,,,,191,hymenoptera,apidae,apidae,,,,,,,,hym,0.020782539,0.003952569
H185,1910,2009,2012,USA,Vermont,44.0886,-72.7317,Hymenoptera,Apidae,Bombus impatiens,Historical  + Field,Increase,,0.036,2059,Hymenoptera,Hymenoptera,Apidae,192,North America,,,,192,hymenoptera,apidae,apidae,,,,,,,,hym,0.035367144,0.000486
H185,1910,2009,2012,USA,Vermont,44.0886,-72.7317,Hymenoptera,Apidae,Bombus pensylvanicus,Historical  + Field,Decline,"Multiple, Habitat, Pesticides, Pathogens, Climate",-0.042,72,Hymenoptera,Hymenoptera,Apidae,193,North America,,,,193,hymenoptera,apidae,apidae,,,,,,,,hym,-0.042907501,0.013888889
H185,1910,2009,2012,USA,Vermont,44.0886,-72.7317,Hymenoptera,Apidae,Bombus perplexus,Historical  + Field,Decline,"Multiple, Habitat, Pesticides, Pathogens, Climate",-0.001,103,Hymenoptera,Hymenoptera,Apidae,194,North America,,,,194,hymenoptera,apidae,apidae,,,,,,,,hym,-0.0010005,0.009708738
H185,1910,2009,2012,USA,Vermont,44.0886,-72.7317,Hymenoptera,Apidae,Bombus rufocinctus,Historical  + Field,Increase,,0.006,80,Hymenoptera,Hymenoptera,Apidae,195,North America,,,,195,hymenoptera,apidae,apidae,,,,,,,,hym,0.005982072,0.0125
H185,1910,2009,2012,USA,Vermont,44.0886,-72.7317,Hymenoptera,Apidae,Bombus sandersoni,Historical  + Field,Decline,"Multiple, Habitat, Pesticides, Pathogens, Climate",-0.003,25,Hymenoptera,Hymenoptera,Apidae,196,North America,,,,196,hymenoptera,apidae,apidae,,,,,,,,hym,-0.003004509,0.04
H185,1910,2009,2012,USA,Vermont,44.0886,-72.7317,Hymenoptera,Apidae,Bombus ternarius,Historical  + Field,Increase,,0.053,871,Hymenoptera,Hymenoptera,Apidae,197,North America,,,,197,hymenoptera,apidae,apidae,,,,,,,,hym,0.051643233,0.001148106
H185,1910,2009,2012,USA,Vermont,44.0886,-72.7317,Hymenoptera,Apidae,Bombus terricola,Historical  + Field,Decline,"Multiple, Habitat, Pesticides, Pathogens, Climate",-0.081,288,Hymenoptera,Hymenoptera,Apidae,198,North America,,,,198,hymenoptera,apidae,apidae,,,,,,,,hym,-0.084469157,0.003472222
H185,1910,2009,2012,USA,Vermont,44.0886,-72.7317,Hymenoptera,Apidae,Bombus vagans,Historical  + Field,Increase,,0.188,1783,Hymenoptera,Hymenoptera,Apidae,199,North America,,,,199,hymenoptera,apidae,apidae,,,,,,,,hym,0.172271221,0.000561
H237,2006,2007,2010,India,"Mysore District, Karnataka",12.1826,76.3859,Hymenoptera,Apidae,Apis dorsata,Field,Decline,"Multiple, Habitat, Pesticides",-0.1,37,Hymenoptera,Hymenoptera,Apidae,205,Asia,,"H237: Species-level Sample_Size was taken from Table 1 totals (total colonies recorded across months during 2006–2008: A. dorsata = 37, A. florea = 25, T. iridipennis = 66), representing cumulative monthly colony counts rather than independent replicates.  Decline_Value represents the total percent decline in colony density from 2007–2008 as summarised in the text describing Figure 5 (A. florea = 16% decline; T. iridipennis = 15% decline).  For A. dorsata, the paper reports a decline ‘in excess of 10%’ (exact value not stated);  a conservative value of 10% was recorded (−0.10) as a lower-bound approximation.",,205,hymenoptera,apidae,apidae,,,,,,,,hym,-0.105360516,0.027027027
H237,2006,2007,2010,India,"Mysore District, Karnataka",12.1826,76.3859,Hymenoptera,Apidae,Apis florea,Field,Decline,"Multiple, Habitat, Pesticides",-0.16,25,Hymenoptera,Hymenoptera,Apidae,206,Asia,,,,206,hymenoptera,apidae,apidae,,,,,,,,hym,-0.174353387,0.04
H237,2006,2007,2010,India,"Mysore District, Karnataka",12.1826,76.3859,Hymenoptera,Apidae,Trigona iridipennis,Field,Decline,"Multiple, Habitat, Pesticides",-0.15,66,Hymenoptera,Hymenoptera,Apidae,207,Asia,,,,207,hymenoptera,apidae,apidae,,,,,,,,hym,-0.162518929,0.015151515
H926,1981,2015,2018,Brazil,"Curitiba, Paraná",-25.4469,-49.2359,Hymenoptera,Apidae,Multiple (Bombus bellicosus; B. morio; Gaesischia fulgurans; Thectochlora basiatra),Historical  + Field,Decline,"Multiple, Climate, Urbanization",-0.37,2332,Hymenoptera,Hymenoptera,Apidae,235,South America,,"H926: This study quantified assemblage-level change in the bee community at a single urban site by repeating standardized sampling in two time windows separated by 34 years (1981 vs 2015).  The authors reported total bee abundance and species richness for each period (1981: 1439 individuals, 112 species; 2015: 893 individuals, 63 species).  Because species-level population trends were not reported as quantitative effect sizes in the main text (species-specific details are provided qualitatively and/or in supplementary materials), this record was coded as Multiple species (bee assemblage).  Decline_Value was calculated as the proportional change in total individuals between periods: (893 − 1439) / 1439 = −0.379 (rounded to −0.37), representing a 37% decline in overall bee abundance.  Sample_Size was defined as the total number of individuals contributing to this assemblage comparison across both periods: 1439 + 893 = 2332.  This effect size reflects a snapshot comparison of assemblage abundance rather than a continuous multi-year trend, and it represents changes in total captured individuals under the sampling design used in each period.",,235,hymenoptera,apidae,apidae,,,,,,,,hym,-0.46203546,0.000429
H1077,1930,2010,2013,Denmark,Zealand (Red clover fields),55.4,11.8,Hymenoptera,Apidae,Bombus distinguendus,Historical  + Field,Decline,"Multiple, Habitat, Pesticides",-0.9,211,Hymenoptera,Hymenoptera,Apidae,249,Europe,,"H1077: Species-level Decline_Value was derived from Fig. 3 (species composition change; abundance expressed as bees m⁻²) by digitising the Past and Present bar/line endpoints for each species in early, mid, and late flowering season using WebPlotDigitizer. For each season, the proportional change in abundance was calculated as:  d = \frac{Present - Past}{Past. Season-specific values d_{early}, d_{mid}, and d_{late} were then combined into a single species-level metric using an unweighted mean across seasons: Decline\_Value = \frac{d_{early} + d_{mid} + d_{late}}{3. Thus, Decline_Value represents the average percentage change in area-corrected abundance from Past to Present across the three flowering-season windows (negative values indicate declines; positive values indicate increases). Sample_Size was recorded as a study-level sampling-effort proxy rather than a species-specific replicate number, because the paper does not report the number of independent sampling units per species and per season. Following the study’s aggregation of observations into field-day “records,” Sample_Size was set to the total number of records contributing to the Past vs Present comparison (past = 70; present = 141; total = 211), which reflects overall sampling intensity for this study-level contrast.",,249,hymenoptera,apidae,apidae,,,,,,,,hym,-2.302585093,0.004739336
H1077,1930,2010,2013,Denmark,Zealand (Red clover fields),55.4,11.8,Hymenoptera,Apidae,Bombus hortorum,Historical  + Field,Decline,"Multiple, Habitat, Pesticides",-0.9,211,Hymenoptera,Hymenoptera,Apidae,250,Europe,,,,250,hymenoptera,apidae,apidae,,,,,,,,hym,-2.302585093,0.004739336
H1077,1930,2010,2013,Denmark,Zealand (Red clover fields),55.4,11.8,Hymenoptera,Apidae,Bombus muscorum,Historical  + Field,Decline,"Multiple, Habitat, Pesticides",-0.95,211,Hymenoptera,Hymenoptera,Apidae,251,Europe,,,,251,hymenoptera,apidae,apidae,,,,,,,,hym,-2.995732274,0.004739336
H1077,1930,2010,2013,Denmark,Zealand (Red clover fields),55.4,11.8,Hymenoptera,Apidae,Bombus pascuorum,Historical  + Field,Decline,"Multiple, Habitat, Pesticides",1.0,211,Hymenoptera,Hymenoptera,Apidae,252,Europe,,Corrected audit 2026-06-03: positive decline_value exceeded 1 in the original dataset and was capped at 1 to keep proportional change within the analysis scale (maximum 100% increase).,,252,hymenoptera,apidae,apidae,,,,,,,,hym,0.6931471805599453,0.0047393364928909
H1077,1930,2010,2013,Denmark,Zealand (Red clover fields),55.4,11.8,Hymenoptera,Apidae,Bombus ruderarius,Historical  + Field,Increase,"Multiple, Habitat, Pesticides",-0.8,211,Hymenoptera,Hymenoptera,Apidae,253,Europe,,,,253,hymenoptera,apidae,apidae,,,,,,,,hym,-1.609437912,0.004739336
H1077,1930,2010,2013,Denmark,Zealand (Red clover fields),55.4,11.8,Hymenoptera,Apidae,Bombus sylvarum,Historical  + Field,Decline,"Multiple, Habitat, Pesticides",-0.85,211,Hymenoptera,Hymenoptera,Apidae,255,Europe,,,,255,hymenoptera,apidae,apidae,,,,,,,,hym,-1.897119985,0.004739336
H1077,1930,2010,2013,Denmark,Zealand (Red clover fields),55.4,11.8,Hymenoptera,Apidae,Bombus veteranus,Historical  + Field,Decline,"Multiple, Habitat, Pesticides",-0.7,211,Hymenoptera,Hymenoptera,Apidae,256,Europe,,,,256,hymenoptera,apidae,apidae,,,,,,,,hym,-1.203972804,0.004739336
H1077,1930,2010,2013,Denmark,Zealand (Red clover fields),55.4,11.8,Hymenoptera,Apidae,Bombus lapidarius,Historical  + Field,Stable,"Multiple, Habitat, Pesticides",1.0,211,Hymenoptera,Hymenoptera,Apidae,258,Europe,,Corrected audit 2026-06-03: positive decline_value exceeded 1 in the original dataset and was capped at 1 to keep proportional change within the analysis scale (maximum 100% increase).,,258,hymenoptera,apidae,apidae,,,,,,,,hym,0.6931471805599453,0.0047393364928909
H1077,1930,2010,2013,Denmark,Zealand (Red clover fields),55.4,11.8,Hymenoptera,Apidae,Bombus pratorum,Historical  + Field,Stable,"Multiple, Habitat, Pesticides",-0.1,211,Hymenoptera,Hymenoptera,Apidae,259,Europe,,,,259,hymenoptera,apidae,apidae,,,,,,,,hym,-0.105360516,0.004739336
H1077,1930,2010,2013,Denmark,Zealand (Red clover fields),55.4,11.8,Hymenoptera,Apidae,Bombus terrestris,Historical  + Field,Decline,"Multiple, Habitat, Pesticides",-0.22,211,Hymenoptera,Hymenoptera,Apidae,260,Europe,,,,260,hymenoptera,apidae,apidae,,,,,,,,hym,-0.248461359,0.004739336
H1341,1978,2014,2020,Japan,Nationwide,36.2048,138.2529,Hymenoptera,Apidae,Bombus diversus,Historical  + Field,Decline,"Multiple, Climate, Habitat",-0.0845,563,Hymenoptera,Hymenoptera,Apidae,266,Asia,,"H1341: Decline_Value was extracted from Table 2 as the percentage difference (Δ) in estimated suitable area between present (presD-CL: 2004–2013 climate + 2014 land cover) and past (pastD-CL: 1978–1987 climate + 1987 land cover). We used the EETO threshold (“equate entropy of thresholded and original distribution”), which the authors described as an intermediate threshold and used for their main range-shift visualisations. Decline_Value was recorded as a proportion (Δ/100), where negative values indicate range contraction and positive values indicate range expansion. Sample_Size was defined as the number of unique occurrence points used for modelling after removing duplicate records within 1 km × 1 km grid cells (reported in Methods): 563 (B. diversus), 397 (B. ardens), 251 (B. hypocrita), 192 (B. ignitus), 139 (B. honshuensis), and 70 (B. beaticola).",,266,hymenoptera,apidae,apidae,,,,,,,,hym,-0.088284915,0.001776199
H1341,1978,2014,2020,Japan,Nationwide,43.4397,143.118,Hymenoptera,Apidae,Bombus ardens,Historical  + Field,Increase,"Multiple, Climate, Habitat",0.0872,397,Hymenoptera,Hymenoptera,Apidae,267,Asia,,,,267,hymenoptera,apidae,apidae,,,,,,,,hym,0.083605584,0.002518892
H1341,1978,2014,2020,Japan,Nationwide,43.4397,143.118,Hymenoptera,Apidae,Bombus hypocrita,Historical  + Field,Decline,"Multiple, Climate, Habitat",-0.238,251,Hymenoptera,Hymenoptera,Apidae,268,Asia,,,,268,hymenoptera,apidae,apidae,,,,,,,,hym,-0.271808723,0.003984064
H1341,1978,2014,2020,Japan,Nationwide,33.7172,133.3216,Hymenoptera,Apidae,Bombus ignitus,Historical  + Field,Decline,"Multiple, Climate, Habitat",-0.249,192,Hymenoptera,Hymenoptera,Apidae,269,Asia,,,,269,hymenoptera,apidae,apidae,,,,,,,,hym,-0.286349627,0.005208333
H1341,1978,2014,2020,Japan,Nationwide,33.7172,133.3216,Hymenoptera,Apidae,Bombus honshuensis,Historical  + Field,Decline,"Multiple, Climate, Habitat",-0.241,139,Hymenoptera,Hymenoptera,Apidae,270,Asia,,,,270,hymenoptera,apidae,apidae,,,,,,,,hym,-0.275753502,0.007194245
H1341,1978,2014,2020,Japan,Nationwide,36.2048,138.2529,Hymenoptera,Apidae,Bombus beaticola,Historical  + Field,Increase,,-0.495,70,Hymenoptera,Hymenoptera,Apidae,271,Asia,,,,271,hymenoptera,apidae,apidae,,,,,,,,hym,-0.68319685,0.014285714
D4,1974,2014,2020,UK,"Hertfordshire (Rothamsted, Harpenden)",51.807,-0.3601,Diptera,Multiple,Multiple ( Phoridae / Bibionidae / Chloropidae / Sphaeroceridae),Field,Decline,Climate,-0.37,436,Diptera,Diptera,Phoridae,12,Europe,,"D4：This study quantified long-term changes in Diptera abundance at a single Rothamsted suction-trap site (UK) from 1974 to 2014 using a subsampling design (samples collected daily but analysed via a structured subsampling across years/days within April–September).   The paper reports a community-level trend for “flies” rather than species- or family-specific trends. We therefore coded the pollinator taxon as Diptera (community-level / multiple families) and extracted the overall April–September abundance change reported by the authors: 37% decrease over the study period, recorded as Decline_Value = −0.37 (percentage scale).   The model-based results were fitted with a beta negative binomial GAM; the sample size was taken as the number of observations used in the model fit (N = 436), as explicitly reported in the model summary.   Family names mentioned in the discussion (e.g., Phoridae, Bibionidae, Sphaeroceridae, Chloropidae) describe dominant taxa/life histories but do not provide family-specific decline estimates; thus they were not entered as separate taxa-level records.",,12,diptera,multiple,phoridae,Coelopidae,,,,,,,dip,-0.46203546,0.002293578
D7,2000,2019,2021,Brazil,"Upper Paraná River floodplain, Paraná State",-22.0,-53.5,Diptera,Dolichopodidae,,Field,Decline,"Multiple, Invasives, Climate",-0.78,240,Diptera,Diptera,Bibionidae,13,South America,,"D7: Sample size (N): The study sampled 12  environmentsacross 20 years (2000–2019). For the temporal trend models and figures, abundance is presented as annual time series per environment; thus, we defined Sample_Size = 20 years × 12 environments = 240 observations per family for comparability across taxa and consistency with the year-based GAMM framework. xaDecline metric: The paper reports significant temporal trends for Diptera families (via GAMM test statistics; Table 1) and visualises trajectories in the supplementary figures (e.g., Fig. S1), but does not provide explicit numerical percentage decline values in the main text. Therefore, Decline_Value in our database is treated as a derived percentage change (not directly reported), intended to quantify the magnitude of decline shown in figures/model fits. (If needed for full reproducibility, the decline magnitude should be recalculated from digitised fitted curves or the underlying dataset using a fixed rule, e.g., (Pred_end − Pred_start) / Pred_start based on GAM/GAMM fitted values.)",,13,diptera,dolichopodidae,bibionidae,Dixidae,,,,,,,dip,-1.514127733,0.004166667
D7,2000,2019,2021,Brazil,"Upper Paraná River floodplain, Paraná State",-22.0,-53.5,Diptera,Chaoboridae,,Field,Decline,"Multiple, Invasives, Climate",-0.64,240,Diptera,Diptera,Chloropidae,14,South America,,,,14,diptera,chaoboridae,chloropidae,Drosophilidae,,,,,,,dip,-1.021651248,0.004166667
D7,2000,2019,2021,Brazil,"Upper Paraná River floodplain, Paraná State",-22.0,-53.5,Diptera,Ceratopogonidae,,Field,Decline,"Multiple, Invasives, Climate",-0.66,240,Diptera,Diptera,Ceratopogonidae,15,South America,,,,15,diptera,ceratopogonidae,ceratopogonidae,Empididae,,,,,,,dip,-1.078809661,0.004166667
D7,2000,2019,2021,Brazil,"Upper Paraná River floodplain, Paraná State",-22.0,-53.5,Diptera,Culicidae,,Field,Decline,"Multiple, Invasives, Climate",-0.62,240,Diptera,Diptera,Culicidae,16,South America,,,,16,diptera,culicidae,culicidae,Fanniidae,,,,,,,dip,-0.967584026,0.004166667
D7,2000,2019,2021,Brazil,"Upper Paraná River floodplain, Paraná State",-22.0,-53.5,Diptera,Chironomidae,,Field,Decline,"Multiple, Invasives, Climate",-0.58,240,Diptera,Diptera,Chironomidae,17,South America,,,,17,diptera,chironomidae,chironomidae,Heleomyzidae,,,,,,,dip,-0.867500568,0.004166667
D9,2008,2009,2012,UK,"Strathspey, Scotland",57.3,-3.65,Diptera,Syrphidae,Blera fallax,Molecular,Decline,Habitat,-0.9997,17,Diptera,Diptera,Syrphidae,18,Europe,,"D9: Decline_Value was derived from the posterior mode estimates of effective population sizes reported in Table 2 (MSVAR analysis), where N0 is the contemporary effective population size and N1 is the ancestral effective population size. We quantified proportional change as Decline_Value = (N0 − N1) / N1, expressed as a percentage change (negative values indicate declines). Using Table 2 values, Scotland: N0 = 12, N1 = 47,567 → Decline_Value = −0.9997; Sweden: N0 = 80, N1 = 31,169 → Decline_Value = −0.9974. Sample_Size represents the number of individuals genotyped per population: 17 individuals for Scotland and 23 individuals for Sweden (22 larvae + 1 adult). Two separate rows were retained because the study reports population-specific demographic estimates for Scotland and Sweden.",,18,diptera,syrphidae,syrphidae,Hybotidae,,,,,,,dip,-8.111728083,0.058823529
D9,2008,2009,2012,Sweden,Järfälla,59.4,17.87,Diptera,Syrphidae,Blera fallax,Molecular,Decline,Habitat,-0.9974,23,Diptera,Diptera,Syrphidae,19,Europe,,,,19,diptera,syrphidae,syrphidae,Keroplatidae,,,,,,,dip,-5.952243834,0.043478261
D13,1979,1984,1985,USA,"Central Florida (Lake Monroe, Seminole County)",28.8111,-81.2656,Diptera,Chironomidae,Multiple (Chironomidae community),Field,Decline,"Multiple, Climate, Habitat",-0.8,4,Diptera,Diptera,Chironomidae,20,North America,,"D13: This study monitored nuisance Chironomidae in an urban area of central Florida from 1979 to 1984 using both larval and adult surveys.  The authors explicitly report a community-level decline, stating that total midge larvae decreased by ~80% in 1983 relative to 1979;  therefore, we recorded Decline_Value = -0.80 using our percentage-change convention Because the paper focuses on overall changes in Chironomidae populations (rather than providing consistent species-specific percent declines), we treated this record as Multiple (Chironomidae community).  The authors note that the reduction was mainly associated with Glyptotendipes paripes and, secondarily, Chironomus crassicaudatus, but these are discussed as contributors to the overall decline rather than separate effect sizes.Sample_Size = 4 corresponds to the number of New Jersey light traps used for the adult monitoring component, which provides the independent sampling units for the “present vs past” comparison in this record.",,20,diptera,chironomidae,chironomidae,Lauxaniidae,,,,,,,dip,-1.609437912,0.25
D31,1980,2020,2021,Germany,Bavaria,48.7904,11.4979,Diptera,Syrphidae,Helophilus pendulus,Field,Decline,"Multiple, Habitat, Climate, Pesticides",-0.854,933,Diptera,Diptera,Chironomidae,21,Europe,,"D31: Sample size was taken directly from Table 1 (“Ten most abundant spp”), where Indiv is defined as the number of individuals recorded for each focal species across the monitoring period. Annual abundance trends for each species were also extracted from Table 1 as the reported mean annual abundance change (% per year) for 1982–2021, estimated from regression analyses (year slope). To standardise effect sizes as proportional change over the full study period, we converted the annual rate r to an overall proportional change using compound change:Decline\_Value = (1+r)^{T} - 1, where r is the annual change expressed as a proportion (percent/100) and T is the length of the period (1982–2021). Decline_Value is reported as a proportion (e.g., -0.854 corresponds to an 85.4% decline).",,21,diptera,syrphidae,chironomidae,Muscidae,,,,,,,dip,-1.924148657,0.001071811
D31,1980,2020,2021,Germany,Bavaria,48.7904,11.4979,Diptera,Syrphidae,Episyrphus balteatus,Field,Decline,"Multiple, Habitat, Climate, Pesticides",-0.214,931,Diptera,Diptera,Chironomidae,22,Europe,,,,22,diptera,syrphidae,chironomidae,Mycetophilidae,,,,,,,dip,-0.240798487,0.001074114
D31,1980,2020,2021,Germany,Bavaria,48.7904,11.4979,Diptera,Syrphidae,Syrphus ribesii,Field,Decline,"Multiple, Habitat, Climate, Pesticides",-0.841,672,Diptera,Diptera,Chironomidae,23,Europe,,,,23,diptera,syrphidae,chironomidae,Nemestrinidae,,,,,,,dip,-1.838851077,0.001488095
D31,1980,2020,2021,Germany,Bavaria,48.7904,11.4979,Diptera,Syrphidae,Parasyrphus punctulatus,Field,Decline,"Multiple, Habitat, Climate, Pesticides",-0.408,609,Diptera,Diptera,Syrphidae,24,Europe,,,,24,diptera,syrphidae,syrphidae,Phoridae,,,,,,,dip,-0.524248644,0.001642036
D31,1980,2020,2021,Germany,Bavaria,48.7904,11.4979,Diptera,Syrphidae,Syrphus torvus,Field,Decline,"Multiple, Habitat, Climate, Pesticides",-0.987,533,Diptera,Diptera,Syrphidae,25,Europe,,,,25,diptera,syrphidae,syrphidae,Platystomatidae,,,,,,,dip,-4.342805922,0.001876173
D31,1980,2020,2021,Germany,Bavaria,48.7904,11.4979,Diptera,Syrphidae,Eristalis pertinax,Field,Decline,"Multiple, Habitat, Climate, Pesticides",-0.572,521,Diptera,Diptera,Syrphidae,26,Europe,,,,26,diptera,syrphidae,syrphidae,Polleniidae,,,,,,,dip,-0.848632083,0.001919386
D31,1980,2020,2021,Germany,Bavaria,48.7904,11.4979,Diptera,Syrphidae,Meliscaeva cinctella,Field,Decline,"Multiple, Habitat, Climate, Pesticides",-0.572,519,Diptera,Diptera,Syrphidae,27,Europe,,,,27,diptera,syrphidae,syrphidae,Psychodidae,,,,,,,dip,-0.848632083,0.001926782
D31,1980,2020,2021,Germany,Bavaria,48.7904,11.4979,Diptera,Syrphidae,Melanostoma scalare,Field,Decline,"Multiple, Habitat, Climate, Pesticides",-0.739,465,Diptera,Diptera,Syrphidae,28,Europe,,,,28,diptera,syrphidae,syrphidae,Rhagionidae,,,,,,,dip,-1.343234872,0.002150538
D31,1980,2020,2021,Germany,Bavaria,48.7904,11.4979,Diptera,Syrphidae,Meligramma cincta,Field,Decline,"Multiple, Habitat, Climate, Pesticides",-0.739,275,Diptera,Diptera,Syrphidae,29,Europe,,,,29,diptera,syrphidae,syrphidae,Richardidae,,,,,,,dip,-1.343234872,0.003636364
D31,1980,2020,2021,Germany,Bavaria,48.7904,11.4979,Diptera,Syrphidae,Dasysyrphus venustus,Field,Decline,"Multiple, Habitat, Climate, Pesticides",-0.975,237,Diptera,Diptera,Syrphidae,30,Europe,,,,30,diptera,syrphidae,syrphidae,Sarcophagidae,,,,,,,dip,-3.688879454,0.004219409
D40,1970,2022,2024,"Hungary, Slovakia (Carpathian Basin)",Pannonian biogeographic region,47.1625,19.5033,Diptera,Syrphidae,Sphaerophoria scripta,Historical + Field,Decline,"Multiple, Climate, Habitat",-0.969,6844,Diptera,Diptera,Syrphidae,31,Europe,,"D40: Species-level trends for Syrphidae were extracted from Table 9. For each species, Sample_Size was recorded as the total number of individuals summed across all six time windows (1980–1984, 1985–1989, 1990–1994, 1995–1999, 2000–2004, 2005–2010). Decline_Value was calculated as the proportional change between the first and last periods using the table counts: Decline\_Value = \frac{N_{2005–2010}-N_{1980–1984}}{N_{1980–1984}}. This is equivalent to (Change − 1), where ‘Change’ is the Table 9 ratio (2005–2010 / 1980–1984). Negative values indicate decline.",,31,diptera,syrphidae,syrphidae,Scathophagidae,,,,,,,dip,-3.473768074,0.000146
D40,1970,2022,2024,"Hungary, Slovakia (Carpathian Basin)",Pannonian biogeographic region,47.1625,19.5033,Diptera,Syrphidae,Cheilosia variabilis,Historical + Field,Decline,"Multiple, Climate, Habitat",-0.967,452,Diptera,Diptera,Syrphidae,32,Europe,,,,32,diptera,syrphidae,syrphidae,Scatopsidae,,,,,,,dip,-3.411247718,0.002212389
D40,1970,2022,2024,"Hungary, Slovakia (Carpathian Basin)",Pannonian biogeographic region,47.1625,19.5033,Diptera,Syrphidae,Syrphus torvus,Historical + Field,Decline,"Multiple, Climate, Habitat",-0.958,455,Diptera,Diptera,Syrphidae,33,Europe,,,,33,diptera,syrphidae,syrphidae,Scenopinidae,,,,,,,dip,-3.170085661,0.002197802
D40,1970,2022,2024,"Hungary, Slovakia (Carpathian Basin)",Pannonian biogeographic region,47.1625,19.5033,Diptera,Syrphidae,Syrphus vitripennis,Historical + Field,Decline,"Multiple, Climate, Habitat",-0.943,1425,Diptera,Diptera,Syrphidae,34,Europe,,,,34,diptera,syrphidae,syrphidae,Sciaridae,,,,,,,dip,-2.864704011,0.000702
D40,1970,2022,2024,"Hungary, Slovakia (Carpathian Basin)",Pannonian biogeographic region,47.1625,19.5033,Diptera,Syrphidae,Episyrphus balteatus,Historical + Field,Decline,"Multiple, Climate, Habitat",-0.941,5377,Diptera,Diptera,Syrphidae,35,Europe,,,,35,diptera,syrphidae,syrphidae,Sepsidae,,,,,,,dip,-2.830217835,0.000186
D40,1970,2022,2024,"Hungary, Slovakia (Carpathian Basin)",Pannonian biogeographic region,47.1625,19.5033,Diptera,Syrphidae,Melanostoma mellinum,Historical + Field,Decline,"Multiple, Climate, Habitat",-0.936,3314,Diptera,Diptera,Syrphidae,36,Europe,,,,36,diptera,syrphidae,syrphidae,Syrphidae,,,,,,,dip,-2.748872196,0.000302
D40,1970,2022,2024,"Hungary, Slovakia (Carpathian Basin)",Pannonian biogeographic region,47.1625,19.5033,Diptera,Syrphidae,Pipizella viduata,Historical + Field,Decline,"Multiple, Climate, Habitat",-0.909,1050,Diptera,Diptera,Syrphidae,37,Europe,,,,37,diptera,syrphidae,syrphidae,Stratiomyidae,,,,,,,dip,-2.396895772,0.000952
D40,1970,2022,2024,"Hungary, Slovakia (Carpathian Basin)",Pannonian biogeographic region,47.1625,19.5033,Diptera,Syrphidae,Eristalis arbustorum,Historical + Field,Decline,"Multiple, Climate, Habitat",-0.908,2795,Diptera,Diptera,Syrphidae,38,Europe,,,,38,diptera,syrphidae,syrphidae,Tabanidae,,,,,,,dip,-2.385966702,0.000358
D40,1970,2022,2024,"Hungary, Slovakia (Carpathian Basin)",Pannonian biogeographic region,47.1625,19.5033,Diptera,Syrphidae,Myathropa florea,Historical + Field,Decline,"Multiple, Climate, Habitat",-0.903,316,Diptera,Diptera,Syrphidae,39,Europe,,,,39,diptera,syrphidae,syrphidae,Tephritidae,,,,,,,dip,-2.3330443,0.003164557
D40,1970,2022,2024,"Hungary, Slovakia (Carpathian Basin)",Pannonian biogeographic region,47.1625,19.5033,Diptera,Syrphidae,Eristalis pertinax,Historical + Field,Decline,"Multiple, Climate, Habitat",-0.881,265,Diptera,Diptera,Syrphidae,40,Europe,,,,40,diptera,syrphidae,syrphidae,Tipulidae,,,,,,,dip,-2.128631786,0.003773585
D40,1970,2022,2024,"Hungary, Slovakia (Carpathian Basin)",Pannonian biogeographic region,47.1625,19.5033,Diptera,Syrphidae,Syritta pipiens,Historical + Field,Decline,"Multiple, Climate, Habitat",-0.844,2227,Diptera,Diptera,Syrphidae,41,Europe,,,,41,diptera,syrphidae,syrphidae,Ulidiidae,,,,,,,dip,-1.857899272,0.000449
D40,1970,2022,2024,"Hungary, Slovakia (Carpathian Basin)",Pannonian biogeographic region,47.1625,19.5033,Diptera,Syrphidae,Scaeva pyrastri,Historical + Field,Decline,"Multiple, Climate, Habitat",-0.838,372,Diptera,Diptera,Syrphidae,42,Europe,,,,42,diptera,syrphidae,syrphidae,,,,,,,,dip,-1.820158944,0.002688172
D40,1970,2022,2024,"Hungary, Slovakia (Carpathian Basin)",Pannonian biogeographic region,47.1625,19.5033,Diptera,Syrphidae,Platycheirus albimanus,Historical + Field,Decline,"Multiple, Climate, Habitat",-0.833,422,Diptera,Diptera,Syrphidae,43,Europe,,,,43,diptera,syrphidae,syrphidae,,,,,,,,dip,-1.789761467,0.002369668
D40,1970,2022,2024,"Hungary, Slovakia (Carpathian Basin)",Pannonian biogeographic region,47.1625,19.5033,Diptera,Syrphidae,Eristalis tenax,Historical + Field,Decline,"Multiple, Climate, Habitat",-0.824,2301,Diptera,Diptera,Syrphidae,44,Europe,,,,44,diptera,syrphidae,syrphidae,,,,,,,,dip,-1.737271284,0.000435
D40,1970,2022,2024,"Hungary, Slovakia (Carpathian Basin)",Pannonian biogeographic region,47.1625,19.5033,Diptera,Syrphidae,Syrphus ribesii,Historical + Field,Decline,"Multiple, Climate, Habitat",-0.817,732,Diptera,Diptera,Syrphidae,45,Europe,,,,45,diptera,syrphidae,syrphidae,,,,,,,,dip,-1.698269126,0.00136612
D40,1970,2022,2024,"Hungary, Slovakia (Carpathian Basin)",Pannonian biogeographic region,47.1625,19.5033,Diptera,Syrphidae,Volucella pellucens,Historical + Field,Decline,"Multiple, Climate, Habitat",-0.812,116,Diptera,Diptera,Syrphidae,46,Europe,,,,46,diptera,syrphidae,syrphidae,,,,,,,,dip,-1.671313316,0.00862069
D40,1970,2022,2024,"Hungary, Slovakia (Carpathian Basin)",Pannonian biogeographic region,47.1625,19.5033,Diptera,Syrphidae,Eupeodes luniger,Historical + Field,Decline,"Multiple, Climate, Habitat",-0.778,146,Diptera,Diptera,Syrphidae,47,Europe,,,,47,diptera,syrphidae,syrphidae,,,,,,,,dip,-1.505077897,0.006849315
D40,1970,2022,2024,"Hungary, Slovakia (Carpathian Basin)",Pannonian biogeographic region,47.1625,19.5033,Diptera,Syrphidae,Cheilosia impressa,Historical + Field,Decline,"Multiple, Climate, Habitat",-0.622,303,Diptera,Diptera,Syrphidae,48,Europe,,,,48,diptera,syrphidae,syrphidae,,,,,,,,dip,-0.972861083,0.00330033
D40,1970,2022,2024,"Hungary, Slovakia (Carpathian Basin)",Pannonian biogeographic region,47.1625,19.5033,Diptera,Syrphidae,Cheilosia soror,Historical + Field,Decline,"Multiple, Climate, Habitat",-0.115,189,Diptera,Diptera,Syrphidae,49,Europe,,,,49,diptera,syrphidae,syrphidae,,,,,,,,dip,-0.122167634,0.005291005
D40,1970,2022,2024,"Hungary, Slovakia (Carpathian Basin)",Pannonian biogeographic region,47.1625,19.5033,Diptera,Syrphidae,Volucella zonaria,Historical + Field,Decline,"Multiple, Climate, Habitat",-0.833,51,Diptera,Diptera,Syrphidae,50,Europe,,,,50,diptera,syrphidae,syrphidae,,,,,,,,dip,-1.789761467,0.019607843
D192,1982,1984,1986,USA,"Kern County, California",35.4369,-118.8596,Diptera,Culicidae,Culex tarsalis,Field,Decline,Climate,-0.87,248,Diptera,Diptera,Chironomidae,72,North America,,"D192: Decline_Value was derived from Fig. 2 (relative abundance; number per collection) by digitising the time-series values for each species using WebPlotDigitizer. For each winter (1982–83 and 1983–84) and each sex (female and male), we identified Start as the highest value in Sep/Oct and Min as the lowest value around Jan, then calculated the overwinter decline magnitude as: Decline = \frac{Min - Start}{Start} Species-level Decline_Value was obtained by averaging Decline estimates across the two winters and across sexes (i.e., mean of the four values: 2 winters × 2 sexes). Sample_Size corresponds to the number of individuals measured for reproductive/ovarian status assessments reported in the paper (Table 1), and therefore reflects the number of mosquitoes contributing to the reproductive-status component of the study rather than the number of time points in the abundance time series.",,72,diptera,culicidae,chironomidae,,,,,,,,dip,-2.040220829,0.004032258
D192,1982,1984,1986,USA,"Kern County, California",35.4369,-118.8596,Diptera,Culicidae,Culex quinquefasciatus,Field,Decline,Climate,-0.99,231,Diptera,Diptera,Chironomidae,73,North America,,,,73,diptera,culicidae,chironomidae,,,,,,,,dip,-4.605170186,0.004329004
D556,2003,2009,2012,French Polynesia,Tahiti Island,-17.5667,-149.6,Diptera,Tephritidae,Bactrocera dorsalis,Field,Decline,Invasives,-0.923,388,Diptera,Diptera,Syrphidae,84,Oceania,,"D556：Decline_Value was extracted from the paper’s guava (Psidium guajava) example, where emergence per kg fruit declined by 92.3%, 96.8%, and 99.6% for B. dorsalis, B. tryoni, and B. kirki, respectively, when comparing 2003 vs 2009.  To keep the sample-size definition consistent with this host-specific effect size, Sample_Size was recorded as the number of usable guava fruit collections reported in the Methods (388 collections).     (Total usable samples across all host fruits after filtering <10 fruits per sample were 1791, but this pooled N is not host-matched to the guava-specific decline values.)",,84,diptera,tephritidae,syrphidae,,,,,,,,dip,-2.563949857,0.00257732
D556,2003,2009,2012,French Polynesia,Tahiti Island,-17.5667,-149.6,Diptera,Tephritidae,Bactrocera tryoni,Field,Decline,Invasives,-0.968,388,Diptera,Diptera,Syrphidae,85,Oceania,,,,85,diptera,tephritidae,syrphidae,,,,,,,,dip,-3.442019376,0.00257732
D556,2003,2009,2012,French Polynesia,Tahiti Island,-17.5667,-149.6,Diptera,Tephritidae,Bactrocera kirki,Field,Decline,Invasives,-0.996,388,Diptera,Diptera,Tephritidae,86,Oceania,,,,86,diptera,tephritidae,tephritidae,,,,,,,,dip,-5.521460918,0.00257732
D975,1983,1995,1997,Kenya,"Nguruman, south-west Kenya",-1.9167,36.0833,Diptera,Glossinidae,Glossina pallidipes,Field,Decline,Climate,-0.998,10,Diptera,Diptera,Tephritidae,89,Africa,,"D975：This study reports long-term trap-based monitoring of tsetse flies at Nguruman, Kenya, using a fixed set of 10 regular monitoring trap sites (sites 1–10) as the core spatial sampling units for the time series; therefore Sample_Size = 10 for both species. For Glossina pallidipes, the paper explicitly reports very strong but incomplete suppression under sustained trapping (e.g., in Kalema, trap catches/population were reduced by approximately 99.8% by the end of 1992), so we recorded Decline_Value = −0.998 using the percentage-change convention.   For Glossina longipennis, the paper does not provide a single overall percent decline comparable to G. pallidipes; abundance is described via trap-catch trajectories and phase-specific rates, and absolute population estimation was not consistently supported. Therefore, Decline_Value was recorded as NA.",,89,diptera,glossinidae,tephritidae,,,,,,,,dip,-6.214608098,0.1
D1682,1978,1993,1997,USA,Florida Medical Entomology Laborator,27.5833,-80.3667,Diptera,Culicidae,Aedes triseriatus,Field,Decline,Climate,-0.935,32,Diptera,Diptera,Culicidae,92,North America,,Corrected audit 2026-06-03: decline_value recalculated from the audited source comparison; sample_size retained as the study-period sampling unit count used for the effect size.,,92,diptera,culicidae,culicidae,,,,,,,,dip,-2.733368009086501,0.03125
C4,1865,2004,2007,Italy,National,41.8719,12.5674,Coleoptera,Scarabaeidae,Gymnopleurus flagellatus,Historical,Decline,Habitat,-0.962,42,Coleoptera,Coleoptera,Scarabaeidae,8,Europe,,"C4：we included all 11 roller species analysed by the authors (Scarabaeus: 6; Gymnopleurus: 4; Sisyphus: 1) to avoid selective inclusion bias and to match the paper’s reported scope.Effect size (Decline_Value; proportional change). We quantified century-scale change using the first and last quarter of the 20th century defined in the paper: P1 = 1900–1924 and P4 = 1975–1999. Species-specific relative frequencies (%) were extracted from Table 4, where each value represents the percentage of records for a given roller species relative to the combined dataset of rollers + tunnellers (RT).  Decline_Value was calculated on a proportional change scale:\text{Decline\_Value}=\frac{p_{P4}-p_{P1}}{p_{P1}}=\frac{p_{P4}}{p_{P1}}-1. where p_{P1} and p_{P4} are the Table 4 percentages for the species in P1 and P4, respectively. Negative values indicate a decrease in relative record frequency from P1 to P4 (decline), whereas positive values indicate an increase. Note on conversion: earlier lnRR values (if present) were converted to proportional change using \exp(\text{lnRR})-1, ensuring consistency with the database-wide definition of Decline_Value as proportional (%-based) change. Sample size (Sample_Size). The paper does not report species-specific record counts for each quarter-period (P1–P4); Table 4 provides percentages and flags some tests as data-deficient (DD) when expected frequencies are < 5.  Therefore, for this P4 vs P1 contrast, we recorded Sample_Size as the total number of collection records per species reported in Table 2 (overall sampling intensity) and did not infer quarter-specific counts. Interpretation. These effect sizes reflect changes in the relative frequency of collection records (records-based occurrence) and should not be interpreted as direct census estimates of population size.",Cerambycidae（天牛科）,7,coleoptera,scarabaeidae,scarabaeidae,,,,,,,,col,-3.270169119,0.023809524
C4,1865,2004,2007,Italy,National,41.8719,12.5674,Coleoptera,Scarabaeidae,Gymnopleurus geoffroyi,Historical,Decline,Habitat,-0.933,61,Coleoptera,Coleoptera,Scarabaeidae,9,Europe,,,,8,coleoptera,scarabaeidae,scarabaeidae,,,,,,,,col,-2.70306266,0.016393443
C4,1865,2004,2007,Italy,National,41.8719,12.5674,Coleoptera,Scarabaeidae,Gymnopleurus mopsus,Historical,Decline,Habitat,-0.978,202,Coleoptera,Coleoptera,Scarabaeidae,10,Europe,,,Cetoniiidae（花金龟科，Scarabaeidae 的一个亚科，通常单独列出）,9,coleoptera,scarabaeidae,scarabaeidae,,,,,,,,col,-3.816712826,0.004950495
C4,1865,2004,2007,Italy,National,41.8719,12.5674,Coleoptera,Scarabaeidae,Gymnopleurus sturmi,Historical,Decline,Habitat,-0.938,284,Coleoptera,Coleoptera,Scarabaeidae,11,Europe,,,,10,coleoptera,scarabaeidae,scarabaeidae,,,,,,,,col,-2.780620894,0.003521127
C4,1865,2004,2007,Italy,National,41.8719,12.5674,Coleoptera,Scarabaeidae,Scarabaeus laticollis,Historical,Decline,Habitat,-0.481,310,Coleoptera,Coleoptera,Scarabaeidae,12,Europe,,,,11,coleoptera,scarabaeidae,scarabaeidae,,,,,,,,col,-0.655851396,0.003225806
C4,1865,2004,2007,Italy,National,41.8719,12.5674,Coleoptera,Scarabaeidae,Scarabaeus semipunctatus,Historical,Decline,Habitat,-0.626,249,Coleoptera,Coleoptera,Scarabaeidae,13,Europe,,,,12,coleoptera,scarabaeidae,scarabaeidae,,,,,,,,col,-0.983499482,0.004016064
C4,1865,2004,2007,Italy,National,41.8719,12.5674,Coleoptera,Scarabaeidae,Scarabaeus variolosus,Historical,Decline,Habitat,-0.176,163,Coleoptera,Coleoptera,Scarabaeidae,14,Europe,,,Coccinellidae（瓢虫科）,13,coleoptera,scarabaeidae,scarabaeidae,,,,,,,,col,-0.193584749,0.006134969
C4,1865,2004,2007,Italy,National,41.8719,12.5674,Coleoptera,Scarabaeidae,Scarabaeus pius,Historical,Decline,Habitat,-0.996,30,Coleoptera,Coleoptera,Scarabaeidae,15,Europe,,,Coccinellidae（瓢虫科）,14,coleoptera,scarabaeidae,scarabaeidae,,,,,,,,col,-5.521460918,0.033333333
C4,1865,2004,2007,Italy,National,41.8719,12.5674,Coleoptera,Scarabaeidae,Scarabaeus sacer,Historical,Decline,Habitat,-0.886,171,Coleoptera,Coleoptera,Scarabaeidae,16,Europe,,,Coccinellidae（瓢虫科）,15,coleoptera,scarabaeidae,scarabaeidae,,,,,,,,col,-2.171556831,0.005847953
C4,1865,2004,2007,Italy,National,41.8719,12.5674,Coleoptera,Scarabaeidae,Scarabaeus typhon,Historical,Decline,Habitat,-0.907,185,Coleoptera,Coleoptera,Scarabaeidae,17,Europe,,,,16,coleoptera,scarabaeidae,scarabaeidae,,,,,,,,col,-2.375155786,0.005405405
C4,1865,2004,2007,Italy,National,41.8719,12.5674,Coleoptera,Scarabaeidae,Sisyphus schaefferi,Historical,Increase,Habitat,1.0,233,Coleoptera,Coleoptera,Scarabaeidae,18,Europe,,Corrected audit 2026-06-03: positive decline_value exceeded 1 in the original dataset and was capped at 1 to keep proportional change within the analysis scale (maximum 100% increase).,,17,coleoptera,scarabaeidae,scarabaeidae,,,,,,,,col,0.6931471805599453,0.0042918454935622
C8,1973,2017,2019,USA,"New Hampshire, White Mountains, Hubbard Brook Experimental Forest",43.9439,-71.7386,Coleoptera,Multiple,Multiple,Field,Decline,Climate,-0.83,725,Coleoptera,Coleoptera,Multiple,40,North America,,"Note (C8): Decline_Value was calculated as proportional change in mean beetle capture rate per 48 h between the mid-1970s and 2015–2017, using values reported in the Results (23.2 vs 3.9 beetles per 48 h), i.e., (3.9−23.2)/23.2 = −0.832 ≈ −0.83 (an 83% decline reported by the authors). Sample_Size was coded from the paper’s reported observation counts for “sample date × trap” units (Wilcoxon test: n = 338 for 1973–1977 and m = 387 for 2015–2017; total = 725). Drivers were coded as climate warming and reduced winter snow conditions, consistent with the authors’ inference that recent climate warming is the primary cause and with the reported associations between capture rate and snow depth/duration.",Elateridae（叩甲科）,25,coleoptera,multiple,multiple,,,,,,,,col,-1.771956842,0.00137931
C20,1995,2020,2021,Czech Republic,Bohemia,50.065,14.485,Coleoptera,Chrysomelidae,Gastrophysa viridula,Field,Decline,"Multiple, Climate, Habitat",-0.71,611,Coleoptera,Coleoptera,Chrysomelidae,15,Europe,,Decline_Value was calculated as proportional change in occupancy across dock stands between two survey periods. The species occurred in all 177 stands surveyed in 1995–1999 (p₁ = 1.00) and in 126 of 434 stands (29%) surveyed in 2019–2020 (p₂ = 0.29); thus Decline_Value = (0.29 − 1.00) / 1.00 = −0.71. Sample_Size was coded as the total number of stands surveyed across both periods (177 + 434 = 611). Note that stands surveyed in 2019–2020 were not the same localities as in 1995–1999 because the earlier stands no longer existed at the time of resampling. Drivers were coded based on authors’ discussion as climate warming and habitat fragmentation/relocation of host-plant stands associated with changes in agricultural practices and mowing regime.,Lymexylidae（钻木甲科）,29,coleoptera,chrysomelidae,chrysomelidae,,,,,,,,col,-1.237874356,0.001636661
C21,2012,1990,2010,Belgium,Nationwide (1-km² grid),50.8503,4.3517,Coleoptera,Coccinellidae,Adalia bipunctata,Field,Decline,Invasives,-0.3,1419,Coleoptera,Coleoptera,Coccinellidae,16,Europe,,"C21：C21 includes two distinct datasets: (i) nationwide 1-km² occupancy (presence/absence) records analysed with binomial GLMMs (Tables 1–2), where sample size is the number of 1-km²-year combinations used for analysis (Belgium n=1419; Britain n=1746); and (ii) systematic abundance surveys at deciduous tree sites analysed with Poisson GLMMs (Table 3), where sample size is the number of individual beetles per species. The manuscript explicitly reports percentage declines only for Adalia bipunctata (30% in Belgium; 44% in Britain over five years post-arrival of H. axyridis), which were coded as proportional change (−0.30/−0.44). For other focal species, the paper reports model coefficients (Y/H or Trend) rather than direct percentage changes; therefore Decline_Value was recorded as NA under a “proportional decline” effect-size definition.",,30,coleoptera,coccinellidae,coccinellidae,,,,,,,,col,-0.356674944,0.000705
C21,2012,1990,2010,United Kingdom,Great Britain (nationwide),52.3552,-1.1743,Coleoptera,Coccinellidae,Adalia bipunctata,Field,Decline,Invasives,-0.44,1746,Coleoptera,Coleoptera,Coccinellidae,24,Europe,,,,38,coleoptera,coccinellidae,coccinellidae,,,,,,,,col,-0.579818495,0.000573
C30,1999,2018,2022,USA,Southern Michigan,42.593,-84.375,Coleoptera,Scarabaeidae,Popillia japonica,Field,Decline,"Multiple, Pathogens, Pesticides",-0.732,60,Coleoptera,Coleoptera,Scarabaeidae,40,North America,,"C30Decline_Value was derived from adult Japanese beetle (Popillia japonica) pheromone-trap catches reported in the Results. The paper states that mean trap catches declined by 73.2% from 1999 (mean = 4,277) to the 2015–2018 period (mean = 1,147) (Fig. 2). Therefore, proportional change = (1,147 − 4,277) / 4,277 = −0.732. Alternatively, lnRR can be calculated as ln(1,147 / 4,277) = −1.316 (if lnRR is used consistently across the database). Sample_Size was not explicitly reported as a total number of individuals; instead, it was inferred from the one-way ANOVA degrees of freedom for trap catches (df = 2, 57), giving N = 57 + 3 = 60 observations across the three time periods.",,61,coleoptera,scarabaeidae,scarabaeidae,,,,,,,,col,-1.316768298,0.016666667
C91,2006,2008,2011,UK,Eastern England,56.8954,2.5415,Coleoptera,Coccinellidae,Adalia bipunctata,Field,Decline,Invasives,-0.73,7,Coleoptera,Coleoptera,Coccinellidae,70,Europe,,"C91:Species-specific mean abundance (mean number of ladybirds per repeat survey) for All sites, adults (sites A–G) was extracted from the Appendix associated with Fig. 1d (Year 1–Year 3 means).  Decline_Value was calculated as proportional change between Year 3 (2008) and Year 1 (2006): | Corrected audit 2026-06-03: retained verified all-sites adult estimates. Two C91 species were excluded because one source value was not recoverable and one had a direction conflict; absence of excluded species from the corrected dataset reflects conservative data-quality filtering, not omission.",,106,coleoptera,coccinellidae,coccinellidae,,,,,,,,col,-1.30933332,0.142857143
C91,2006,2008,2011,UK,Eastern England,56.8954,2.5415,Coleoptera,Coccinellidae,Coccinella septempunctata,Field,Decline,Invasives,-0.81,7,Coleoptera,Coleoptera,Coccinellidae,71,Europe,,"\text{Decline\_Value}=\frac{\text{Mean}_{Y3}-\text{Mean}_{Y1}}{\text{Mean}_{Y1}} This metric reflects change in mean abundance per repeat survey across the study period.  Sample_Size was recorded as the number of independent sites contributing to the “All sites” estimates (7 sites: A–G).  The study conducted repeated surveys within each site (nine repeat surveys per site per year), but these are repeated measures and were not treated as independent sample units in Sample_Size to avoid pseudo-replication.  The driver was coded as Invasives, because the paper attributes declines in native ladybirds to the arrival and spread of the invasive predator Harmonia axyridis (including competition for aphid prey and intraguild predation).  For H. axyridis, the Year 1 mean abundance was ~0, so proportional change is numerically unstable;  therefore Decline_Value was recorded as NA while retaining the direction as an increase. | Corrected audit 2026-06-03: retained verified all-sites adult estimates. Two C91 species were excluded because one source value was not recoverable and one had a direction conflict; absence of excluded species from the corrected dataset reflects conservative data-quality filtering, not omission.",,107,coleoptera,coccinellidae,coccinellidae,,,,,,,,col,-1.660731207,0.142857143
C103,2007,2009,2011,China,Beijing,40.3614,116.3376,Coleoptera,Curculionidae,Multiple,Field,Decline,"Multiple, Habitat, Urbanization",-0.593,52,Coleoptera,Coleoptera,Curculionidae,85,Asia,,"C103: Sample_Size (n = 52) was defined as the number of site-year observations.  The study surveyed weevils on willow trunks across 20 sites in 2007, 15 sites in 2008, and 17 sites in 2009, giving a total of 20 + 15 + 17 = 52 site-year samples. Decline_Value (-0.593) represents the proportional decline in weevil abundance per 5 km toward the urban centre, as directly reported in the paper: abundance decreased by 59.3% per 5 km (negative sign indicates decline)",,121,coleoptera,curculionidae,curculionidae,,,,,,,,col,-0.898942094,0.019230769
C485,1974,1999,2001,USA,"Welder Wildlife Refuge, San Patricio Co., TX",28.0863,-97.4321,Coleoptera,Scarabaeidae,Boreocanthon ebenus,Field,Decline,"Multiple, Habitat, Climate, Invasives",-0.923,14,Coleoptera,Coleoptera,Scarabaeidae,114,North America,,,,150,coleoptera,scarabaeidae,scarabaeidae,,,,,,,,col,-2.563949857,0.071428571
C485,1974,1999,2001,USA,"Welder Wildlife Refuge, San Patricio Co., TX",28.0863,-97.4321,Coleoptera,Scarabaeidae,Melanocanthon bispinatus,Field,Decline,"Multiple, Habitat, Climate, Invasives",-0.923,14,Coleoptera,Coleoptera,Scarabaeidae,115,North America,,,,151,coleoptera,scarabaeidae,scarabaeidae,,,,,,,,col,-2.563949857,0.071428571
C485,1974,1999,2001,USA,"Welder Wildlife Refuge, San Patricio Co., TX",28.0863,-97.4321,Coleoptera,Scarabaeidae,Glaphyrocanthon viridis,Field,Decline,"Multiple, Habitat, Climate, Invasives",-0.983,117,Coleoptera,Coleoptera,Scarabaeidae,116,North America,,,,152,coleoptera,scarabaeidae,scarabaeidae,,,,,,,,col,-4.074541935,0.008547009
C592,2003,2007,2009,USA,"Ozark National Forest, Arkansas（Ozark Mountains）",35.715,93.716,Coleoptera,Cerambycidae,Enaphalodes rufulus,Field,Decline,"Multiple, Habitat, Climate",-0.96,98,Coleoptera,Coleoptera,Cerambycidae,118,North America,,"C592Sample_Size (n = 98) was defined as the total number of whole trees felled and dissected to count live red oak borers across all sampling years. The Results state that measurements were taken for all 98 trees sampled, and Table 1 reports year-specific sample sizes in the overall row (2003: 17 trees; 2005: 57 trees; 2007: 24 trees; total = 98).  Decline_Value (-0.96) represents a 96% proportional reduction in red oak borer density between the 2003 and 2005 cohorts, as directly reported in the Discussion (“declined again (96%) between the 2003 and 2005 cohort”). The decline refers to standardised density expressed per square meter of bark surface area (the unit used for cohort comparisons).  Although the study targeted Enaphalodes rufulus, the authors note that some 2003 emergence galleries counted in lieu of individuals could potentially have been produced by a closely related species (e.g., E. atomarius), but no other large pharate cerambycids were recorded during data collection, suggesting any bias was minimal",,154,coleoptera,cerambycidae,cerambycidae,,,,,,,,col,-3.218875825,0.010204082
C710,1995,2013,2015,USA,"Richmond, Cache Co., Northern Utah (Bear River Range)",41.9391,-111.7699,Coleoptera,Chrysomelidae,Aphthona spp.,Field,Decline,Habitat,-0.93,20,Coleoptera,Coleoptera,Chrysomelidae,119,North America,,"C710: Sample_Size (n = 20) was extracted from the statistical comparison of flea beetle abundance per sweep between 2001 and 2013. The authors state that mean numbers of beetles per sweep were compared for 2001 vs 2013 using combined samples (N = 20 for each year). Decline_Value (-0.93; seasonal mean of June & July declines). The paper reports an overall decline in flea beetle abundance (all Aphthona spp. combined) from 2001 to 2013 of 89% in June and 97% in July. To obtain a single summary metric for this study under a proportional-decline framework, we calculated an unweighted seasonal mean of the two reported monthly proportional declines: (0.89 + 0.97) / 2 = 0.93, recorded as Decline_Value = -0.93 (negative sign indicates decline). This averaging approach was used because the study does not provide month-specific variance estimates or other information required for weighted averaging.",,155,coleoptera,chrysomelidae,chrysomelidae,,,,,,,,col,-2.659260037,0.05
C1221,1976,2010,2014,Czech Republic,Central Bohemia (western Czech Republic),49.9167,14.5833,Coleoptera,Coccinellidae,Adalia bipunctata,Field,Decline,"Multiple, Habitat, Invasives",-0.5,1721,Coleoptera,Coleoptera,Coccinellidae,137,Europe,,,,174,coleoptera,coccinellidae,coccinellidae,,,,,,,,col,-0.693147181,0.000581
C1221,1976,2010,2014,Czech Republic,Central Bohemia (western Czech Republic),49.9167,14.5833,Coleoptera,Coccinellidae,Adalia decempunctata,Field,Increase,,1.0,430,Coleoptera,Coleoptera,Coccinellidae,138,Europe,,"Approximate the total number of individuals using the total abundance in Table 1. Because its unit is per 100 sweeps, but since all species and habitats are uniform at this scale, interspecific trends can be compared.",,175,coleoptera,coccinellidae,coccinellidae,,,,,,,,col,0.693147181,0.002325581
C1221,1976,2010,2014,Czech Republic,Central Bohemia (western Czech Republic),49.9167,14.5833,Coleoptera,Coccinellidae,Calvia decemguttata,Field,Increase,,1.0,34,Coleoptera,Coleoptera,Coccinellidae,139,Europe,,"Use N (years) in Table 2 to assist in estimating the sample coverage. For instance, cereals has N=8 years of data in its first period and also N=8 years in its second period.",,176,coleoptera,coccinellidae,coccinellidae,,,,,,,,col,0.693147181,0.029411765
C1221,1976,2010,2014,Czech Republic,Central Bohemia (western Czech Republic),49.9167,14.5833,Coleoptera,Coccinellidae,Calvia quatuordecimguttata,Field,Increase,,1.0,147,Coleoptera,Coleoptera,Coccinellidae,140,Europe,,,,177,coleoptera,coccinellidae,coccinellidae,,,,,,,,col,0.693147181,0.006802721
C1221,1976,2010,2014,Czech Republic,Central Bohemia (western Czech Republic),49.9167,14.5833,Coleoptera,Coccinellidae,Coccinella quinquepunctata,Field,Decline,Habitat,-0.675,497,Coleoptera,Coleoptera,Coccinellidae,142,Europe,,,,179,coleoptera,coccinellidae,coccinellidae,,,,,,,,col,-1.123930097,0.002012072
C1221,1976,2010,2014,Czech Republic,Central Bohemia (western Czech Republic),49.9167,14.5833,Coleoptera,Coccinellidae,Coccinella septempunctata,Field,Decline,Habitat,-0.524,4744,Coleoptera,Coleoptera,Coccinellidae,143,Europe,,,,180,coleoptera,coccinellidae,coccinellidae,,,,,,,,col,-0.742337425,0.000211
C1221,1976,2010,2014,Czech Republic,Central Bohemia (western Czech Republic),49.9167,14.5833,Coleoptera,Coccinellidae,Hippodamia septemmaculata,Field,Decline,,-0.94,18,Coleoptera,Coleoptera,Coccinellidae,146,Europe,,,,183,coleoptera,coccinellidae,coccinellidae,,,,,,,,col,-2.813410717,0.055555556
C1221,1976,2010,2014,Czech Republic,Central Bohemia (western Czech Republic),49.9167,14.5833,Coleoptera,Coccinellidae,Hippodamia variegata,Field,Increase,,1.0,230,Coleoptera,Coleoptera,Coccinellidae,147,Europe,,,,184,coleoptera,coccinellidae,coccinellidae,,,,,,,,col,0.693147181,0.004347826
C1221,1976,2010,2014,Czech Republic,Central Bohemia (western Czech Republic),49.9167,14.5833,Coleoptera,Coccinellidae,Oenopia conglobata,Field,Increase,,1.0,86,Coleoptera,Coleoptera,Coccinellidae,148,Europe,,,,185,coleoptera,coccinellidae,coccinellidae,,,,,,,,col,0.693147181,0.011627907
C1221,1976,2010,2014,Czech Republic,Central Bohemia (western Czech Republic),49.9167,14.5833,Coleoptera,Coccinellidae,Propylea quatuordecimpunctata,Field,Decline,Habitat,-0.592,1304,Coleoptera,Coleoptera,Coccinellidae,149,Europe,,Estimation,,186,coleoptera,coccinellidae,coccinellidae,,,,,,,,col,-0.896488105,0.000767
C1472,2018,2018,2018,USA,18 states (nationwide dataset),38.2995,-100.6032,Coleoptera,Coccinellidae,Coccinella septempunctata,Molecular,Increase,,1.0,169,Coleoptera,Coleoptera,Coccinellidae,150,North America,,"C. septempunctata: FLUCTUATE gives a significantly positive growth parameter (g=996.82), while Tajima's D is significantly negative, indicating population expansion. Therefore, it is denoted as Increase. H. axyridis: MSVAR infers a ""very recent"" sharp decline in population size; Table 3 presents N_ancestral and N_current, based on which the percentage decrease is calculated. H. convergens: MSVAR has recently declined by 11 to 18 times in both Eastern and Western/consolidated data. Table 5 presents N_ancestral and N_current, based on which the percentage decreases.",,187,coleoptera,coccinellidae,coccinellidae,,,,,,,,col,0.693147181,0.00591716
C1472,2018,2018,2018,USA,"Louisiana (LA), Washington (WA)",31.4522,-92.7749,Coleoptera,Coccinellidae,Harmonia axyridis,Molecular,Decline,,-0.993,76,Coleoptera,Coleoptera,Coccinellidae,151,North America,,The percentage conversion method uses the effective group size in the table: decrease percentage = 1 - \frac{N_{current}}{N_{ancestral}} × 100%. Take H. axyridis Louisiana as an example: 1-202.302/51999.6 ≈ 99.61%; Washington: 1-223.872/399.447 ≈ 99.44%. | Corrected audit 2026-06-03: decline_value recalculated from reported effective-population-size decline; sample_size retained as the number of genotyped individuals.,,188,coleoptera,coccinellidae,coccinellidae,,,,,,,,col,-4.9618451299268225,0.0131578947368421
C1472,2018,2018,2018,USA,"Western USA, Eastern USA",38.2652,-116.2913,Coleoptera,Coccinellidae,Hippodamia convergens,Molecular,Decline,,-0.917,117,Coleoptera,Coleoptera,Coccinellidae,152,North America,,Corrected audit 2026-06-03: decline_value recalculated from reported effective-population-size decline; sample_size retained as the number of genotyped individuals.,,189,coleoptera,coccinellidae,coccinellidae,,,,,,,,col,-2.488914671185539,0.0085470085470085
C1822,2005,2005,2013,Czech Republic,"Pradƒõd National Nature Reserve, Hrub√Ω Jesen√≠k Mts",50.6831,17.2309,Coleoptera,Carabidae,Carabus sylvestris,Field,Decline,Urbanization,0.624,307,Coleoptera,Coleoptera,Chrysomelidae,154,Europe,,Decline/Increase Value | Corrected audit 2026-06-03: decline_value recalculated from Appendix Table 3 Total OS/IS as IS/OS - 1; positive proportional changes exceeding 1 were capped at 1 to keep decline_value within the analysis scale; sample_size is the OS+IS total individuals.,,191,coleoptera,carabidae,chrysomelidae,,,,,,,,col,0.4848922417394862,0.003257328990228
C1822,2005,2005,2013,Czech Republic,"Pradƒõd National Nature Reserve, Hrub√Ω Jesen√≠k Mts",50.6831,17.2309,Coleoptera,Carabidae,Poecilus versicolor,Field,Increase,,1.0,10,Coleoptera,Coleoptera,Chrysomelidae,156,Europe,,"For example: Poecilus versicolor intercept -6.42, Slope1 = 1.08 → indicates an exponential increase in abundance further from the edge of ski-slope (approximately abundance ×3 for every 1 increase in log scale). | Corrected audit 2026-06-03: decline_value recalculated from Appendix Table 3 Total OS/IS as IS/OS - 1; positive proportional changes exceeding 1 were capped at 1 to keep decline_value within the analysis scale; sample_size is the OS+IS total individuals.",,193,coleoptera,carabidae,chrysomelidae,,,,,,,,col,0.693147181,0.1
C1822,2005,2005,2013,Czech Republic,"Pradƒõd National Nature Reserve, Hrub√Ω Jesen√≠k Mts",50.6831,17.2309,Coleoptera,Carabidae,Trechus striatulus,Field,Decline,Urbanization,-0.417,19,Coleoptera,Coleoptera,Chrysomelidae,159,Europe,,Corrected audit 2026-06-03: decline_value recalculated from Appendix Table 3 Total OS/IS as IS/OS - 1; positive proportional changes exceeding 1 were capped at 1 to keep decline_value within the analysis scale; sample_size is the OS+IS total individuals.,,196,coleoptera,carabidae,chrysomelidae,,,,,,,,col,-0.5395680926316446,0.0526315789473684
C1822,2005,2005,2013,Czech Republic,"Pradƒõd National Nature Reserve, Hrub√Ω Jesen√≠k Mts",50.6831,17.2309,Coleoptera,Chrysomelidae,Timarcha metallica,Field,Increase,,0.931,85,Coleoptera,Coleoptera,Chrysomelidae,160,Europe,,Corrected audit 2026-06-03: decline_value recalculated from Appendix Table 3 Total OS/IS as IS/OS - 1; positive proportional changes exceeding 1 were capped at 1 to keep decline_value within the analysis scale; sample_size is the OS+IS total individuals.,,197,coleoptera,chrysomelidae,chrysomelidae,,,,,,,,col,0.6580380034463774,0.0117647058823529
L3,1900,2019,2022,Austria; Czech Republic; Germany; France; Italy; Switzerland; Slovakia,Central Europe,50.1434,12.3587,Lepidoptera,Zygaenidae,Jordanita budensis,Historical + Field,Decline,"Multiple, Habitat, Urbanization, Pesticides",-0.729,164,Lepidoptera,Lepidoptera,Zygaenidae,1,Europe,,"L3: Decline_Value and Sample_Size were derived from Supplementary Table A2 (BioOffice database summaries by time slices). For each Jordanita species, Table A2 reports the number of localities and observations for three periods (<1950, <1980, >2000) across multiple countries. To quantify the post-2000 decline using a consistent and auditable baseline, we calculated Decline_Value as the proportional change in the number of localities between >2000 and <1980 (summed across all countries): Decline\_Value=\frac{L_{>2000}-L_{<1980}}{L_{<1980}}。where L is the total number of localities. Sample_Size was recorded as the total number of observations (“of observ.”) summed across countries in Table A2, representing the record volume underlying the locality summaries. The six rows correspond to: J. budensis (−0.729; 164), J. notata (−0.251; 652), J. graeca (−0.971; 91), J. chloros (−0.311; 283), J. globulariae (should be −0.626 under the above formula; Sample_Size 1751), and J. subsolana (−0.500; 712)",,1,lepidoptera,zygaenidae,zygaenidae,https://academic.oup.com/botlinnean/article/202/3/295/7076252#supplementary-data,,,,,,,lep,-1.305636458,0.006097561
L3,1900,2019,2022,Austria; Czech Republic; Germany; France; Italy; Switzerland; Slovakia,Central Europe,50.1434,12.3587,Lepidoptera,Zygaenidae,Jordanita notata,Historical + Field,Decline,"Multiple, Habitat, Urbanization, Pesticides",-0.251,652,Lepidoptera,Lepidoptera,Zygaenidae,2,Europe,,,,2,lepidoptera,zygaenidae,zygaenidae,Arctiidae,,,,,,,lep,-0.289016295,0.001533742
L3,1900,2019,2022,Austria; Czech Republic; Germany; France; Italy; Switzerland; Slovakia,Central Europe,50.1434,12.3587,Lepidoptera,Zygaenidae,Jordanita graeca,Historical + Field,Decline,"Multiple, Habitat, Urbanization, Pesticides",-0.971,91,Lepidoptera,Lepidoptera,Zygaenidae,3,Europe,,,,3,lepidoptera,zygaenidae,zygaenidae,Arctiinae,,,,,,,lep,-3.540459449,0.010989011
L3,1900,2019,2022,Austria; Czech Republic; Germany; France; Italy; Switzerland; Slovakia,Central Europe,50.1434,12.3587,Lepidoptera,Zygaenidae,Jordanita chloros,Historical + Field,Decline,"Multiple, Habitat, Urbanization, Pesticides",-0.311,283,Lepidoptera,Lepidoptera,Zygaenidae,4,Europe,,,,4,lepidoptera,zygaenidae,zygaenidae,,,,,,,,lep,-0.372514008,0.003533569
L3,1900,2019,2022,Austria; Czech Republic; Germany; France; Italy; Switzerland; Slovakia,Central Europe,50.1434,12.3587,Lepidoptera,Zygaenidae,Jordanita globulariae,Historical + Field,Decline,"Multiple, Habitat, Urbanization, Pesticides",-0.626,1751,Lepidoptera,Lepidoptera,Zygaenidae,5,Europe,,,,5,lepidoptera,zygaenidae,zygaenidae,Crambidae,,,,,,,lep,-0.983499482,0.000571
L3,1900,2019,2022,Austria; Czech Republic; Germany; France; Italy; Switzerland; Slovakia,Central Europe,50.1434,12.3587,Lepidoptera,Zygaenidae,Jordanita subsolana,Historical + Field,Decline,"Multiple, Habitat, Urbanization, Pesticides",-0.5,712,Lepidoptera,Lepidoptera,Zygaenidae,6,Europe,,,,6,lepidoptera,zygaenidae,zygaenidae,Erebidae,,,,,,,lep,-0.693147181,0.001404494
L8,2008,2012,2014,Ireland,Nationwide,53.4129,-8.2439,Lepidoptera,Lycaenidae,Polyommatus icarus,Field,Increase (steep),,1.0,268,Lepidoptera,Lepidoptera,Lycaenidae,7,Europe,,"L8: Decline_Value and Sample_Size were extracted from Table 1 of the 5-year butterfly monitoring scheme (2008–2012). Decline_Value represents the reported population change over the 2008–2012 period for each species and is recorded using our percentage-change convention (e.g., +1.47 = +147% change; −0.29 = −29% change). For species labelled ‘Uncertain’ in Table 1, the paper does not provide a quantitative population-change estimate; therefore Decline_Value was recorded as NA (these correspond to rows with Sample_Size 433, 200, 409, 200, 309, and 414). Sample_Size is the sum of annual transect counts across 2008–2012 (transect-years) for each species, used as a proxy for sampling effort. The authors note that some short-term changes may be influenced by interannual weather variability (e.g., unusually cool/wet conditions in 2012) and emphasise that drivers of butterfly population change are multiple; no species-specific causal attribution is directly reported. | Corrected audit 2026-06-03: positive decline_value exceeded 1 in the original dataset and was capped at 1 to keep proportional change within the analysis scale (maximum 100% increase).",,7,lepidoptera,lycaenidae,lycaenidae,Gelechioidea,,,,,,,lep,0.6931471805599453,0.003731343283582
L8,2008,2012,2014,Ireland,Nationwide,53.4129,-8.2439,Lepidoptera,Nymphalidae,Maniola jurtina,Field,Increase (steep),,0.81,428,Lepidoptera,Lepidoptera,Nymphalidae,8,Europe,,,,8,lepidoptera,nymphalidae,nymphalidae,Geometridae,,,,,,,lep,0.593326845,0.002336449
L8,2008,2012,2014,Ireland,Nationwide,53.4129,-8.2439,Lepidoptera,Nymphalidae,Aglais urticae,Field,Increase (moderate),,0.51,422,Lepidoptera,Lepidoptera,Nymphalidae,9,Europe,,,,9,lepidoptera,nymphalidae,nymphalidae,Hesperiidae,,,,,,,lep,0.412109651,0.002369668
L8,2008,2012,2014,Ireland,Nationwide,53.4129,-8.2439,Lepidoptera,Pieridae,Pieris rapae,Field,Decline,Climate,-0.29,399,Lepidoptera,Lepidoptera,Pieridae,10,Europe,,,,10,lepidoptera,pieridae,pieridae,Incurvariidae,,,,,,,lep,-0.342490309,0.002506266
L8,2008,2012,2014,Ireland,Nationwide,53.4129,-8.2439,Lepidoptera,Nymphalidae,Pararge aegeria,Field,Decline,Climate,-0.3,447,Lepidoptera,Lepidoptera,Nymphalidae,11,Europe,,,,11,lepidoptera,nymphalidae,nymphalidae,Ithomiinae,,,,,,,lep,-0.356674944,0.002237136
L8,2008,2012,2014,Ireland,Nationwide,53.4129,-8.2439,Lepidoptera,Lycaenidae,Celastrina argiolus,Field,Decline,Climate,-0.36,211,Lepidoptera,Lepidoptera,Lycaenidae,12,Europe,,,,12,lepidoptera,lycaenidae,lycaenidae,Lycaenidae,,,,,,,lep,-0.446287103,0.004739336
L8,2008,2012,2014,Ireland,Nationwide,53.4129,-8.2439,Lepidoptera,Pieridae,Leptidea juvernica,Field,Decline,Climate,-0.43,227,Lepidoptera,Lepidoptera,Pieridae,10,Europe,,,,13,lepidoptera,pieridae,pieridae,Noctuidae,,,,,,,lep,-0.562118918,0.004405286
L8,2008,2012,2014,Ireland,Nationwide,53.4129,-8.2439,Lepidoptera,Nymphalidae,Inachis io,Field,Decline,Climate,-0.41,421,Lepidoptera,Lepidoptera,Nymphalidae,11,Europe,,,,14,lepidoptera,nymphalidae,nymphalidae,Nymphalidae,,,,,,,lep,-0.527632742,0.002375297
L8,2008,2012,2014,Ireland,Nationwide,53.4129,-8.2439,Lepidoptera,Pieridae,Pieris brassicae,Field,Decline,Climate,-0.53,416,Lepidoptera,Lepidoptera,Pieridae,10,Europe,,,,15,lepidoptera,pieridae,pieridae,Papilionidae,,,,,,,lep,-0.755022584,0.002403846
L22,1995,2018,2020,Canade,Ontario – Long Point peninsula (Tip & Breakwater),42.5833,-80.4167,Lepidoptera,Nymphalidae,Danaus plexippus,Historical,Stable,"Multiple, Habitat, Pesticides, Climate",-0.726,24,Lepidoptera,Lepidoptera,Nymphalidae,19,North America,,"L22: This study analysed fall migration count data for the Monarch butterfly (Danaus plexippus, Nymphalidae) from multiple Lake Erie shoreline sites in Ontario, Canada.  The paper reports trends as annual rates of change (% per year) from Bayesian log-linear models.  Over the full Long Point time series (1995–2018), migration counts showed a significant decline of −5.25% per year (CI: −8.60, −1.39).   To standardise to the database proportional-change metric, we converted the annual rate r to an overall proportional change across the study period using compound change: Decline\_Value = (1+r)^{T}-1, with r=-0.0525 and T=24 years (1995–2018 inclusive), yielding Decline_Value ≈ −0.726.  Sample_Size was recorded as the number of years in the analysed time series (T = 24).",,28,lepidoptera,nymphalidae,nymphalidae,"Chrysopidae (possible error, Neuroptera)这个不是鳞翅目，去看看原文",,,,,,,lep,-1.294627173,0.041666667
L23,1968,1998,2002,UK,Great Britain,55.3781,-3.436,Lepidoptera,Erebidae,Arctia caja,Historical,Decline,Climate,-0.28,406,Lepidoptera,Lepidoptera,Erebidae,20,Europe,,"L23: Data were derived from the Rothamsted Insect Survey standard light-trap network across Great Britain (1968–1998), comprising 406 trapping sites (one trap per site); therefore Sample_Size was recorded as N = 406 sites.    The paper directly reports an abrupt decline in Arctia caja abundance: mean captures fluctuated near 4.2 captures per site until 1983 and then dropped to an average of 3.0 captures per site after 1984, corresponding to a 28% decrease, which was recorded as Decline_Value = −0.28 under the percentage-change convention.    (The study also reports a later decline in occupancy from ~0.60 to ~0.42, ~30%, but this refers to site occupancy rather than mean abundance.)",,29,lepidoptera,erebidae,erebidae,,,,,,,,lep,-0.328504067,0.002463054
L37,2019,1994,2017,UK,"Alun Valley, Glamorgan Brackenlands (Wales)",52.4084,-1.2851,Lepidoptera,Nymphalidae,Argynnis adippe,Field,Increase,,1.0,54,Lepidoptera,Lepidoptera,Nymphalidae,34,Europe,,"L37：This study reports Argynnis adippe abundance changes for four separate landscapes/networks with explicit percentage changes in the Results: Alun Valley +1244% (1994–2017), Dart Valley −49% (1992–2017), Heddon Valley +870% (2002–2017), and Morecambe Bay −92% (1990–2017).  To avoid pseudo-replication in the meta-dataset, these were consolidated into a single study-level entry by converting each percentage to our proportional-change metric (e.g., +1244% → +12.44; −49% → −0.49) and taking the unweighted mean across the four landscapes (Decline_Value = 4.93). Sample_Size (54) was recorded as a coverage proxy by summing the site/network counts referenced for each landscape (1 + 11 + 16 + 26).  The resulting value represents an average across landscapes and includes both increases and declines. | Corrected audit 2026-06-03: positive decline_value exceeded 1 in the original dataset and was capped at 1 to keep proportional change within the analysis scale (maximum 100% increase).",,44,lepidoptera,nymphalidae,nymphalidae,,,,,,,,lep,0.6931471805599453,0.0185185185185185
L39,2003,2020,2020,USA,Louisiana sugarcane region,30.8031,-92.4938,Lepidoptera,Crambidae,Diatraea saccharalis,Field,Decline,Pesticides,-0.7,813,Lepidoptera,Lepidoptera,Crambidae,43,North America,,The estimated decline rate is inferred from fig2,,53,lepidoptera,crambidae,crambidae,,,,,,,,lep,-1.203972804,0.001230012
L50,1985,2015,2020,USA,"Upper Midwest (ND, SD, MN, IA, WI, MI)",44.1023,-95.0751,Lepidoptera,Hesperiidae,Oarisma poweshiek,Historical + Field (aggregated occurrence records; extensive surveys; ENM),Decline,"Multiple, Habitat, Climate, Pesticides",-0.954,218,Lepidoptera,Lepidoptera,Hesperiidae,56,North America,,"L50: Decline_Value was based on the change in the number of occupied sites (sites with occurrence records) reported in Fig. 1 for Oarisma poweshiek. Fig. 1 lists 1985 (n = 218 occupied sites) and 2010 (n = 10 occupied sites).  We calculated proportional change using our percentage-change convention: Decline\_Value = \frac{N_{2010}-N_{1985}}{N_{1985}} = \frac{10-218}{218} = -0.954. Thus, Decline_Value represents a ~95.4% reduction in occupied sites between 1985 and 2010. Sample_Size = 218 corresponds to the baseline number of occupied sites in 1985 (the denominator used to compute the proportional decline). This effect size reflects range/occupancy contraction (site occupancy) rather than a per-capita abundance trend.",,70,lepidoptera,hesperiidae,hesperiidae,,,,,,,,lep,-3.079113882,0.004587156
L64,1997,2020,2022,Finland,"Archipelago Sea, Southwest Finland",59.9147,21.8775,Lepidoptera,Papilionidae,Parnassius apollo,Historical + Field,Decline,"Multiple, Habitat, Climate",-0.73,409,Lepidoptera,Lepidoptera,Papilionidae,60,Europe,,"L64:DeclineValue was recorded as a proportional change in island occupancy by larvae (site occupancy, not individual abundance).The paper states in the Discussion that occupancy decreased from about 75% of islands in the historical surveys (1997 and 1999–2003) to about 20% of islands in the recent surveys (2019–2020)The paper reports that occupancy decreased from about 75% of islands historically to about 20% in recent years.  Using the database convention, we calculated Decline_Value ≈ (0.20 − 0.75)/0.75 = −0.73 (approx.).Sample_Size was recorded as 409, defined as the total number of surveyed islands (n) across the four endpoint survey years used to represent the historical vs recent comparison: 1997 n=127, 2003 n=74, 2019 n=118, and 2020 n=90 (127+74+118+90=409), as reported in Table 1A.    This Sample_Size is therefore a sampling-effort proxy (surveyed sites) rather than the number of unique islands (some islands may have been revisited across years). The paper also reports that the total dataset comprises 743 site observations across 8 survey years, but we used the summed ‘n’ from the selected comparison years to match the decline definition above.",,74,lepidoptera,papilionidae,papilionidae,,,,,,,,lep,-1.30933332,0.002444988
L89,1990,1992,2000,Canada,Northern New Brunswick (managed stand; low‚Äìvery light),47.21,-67.48,Lepidoptera,Tortricidae,Zeiraphera canadensis,Field,Increase,,0.16,4,Lepidoptera,Lepidoptera,Tortricidae,62,North America,,L89: Unmanaged stand (Fig.3): Egg log density digitised (WebPlotDigitizer) at 1989 and 1992; Decline_Value computed as exp(Δlog)-1 using Start=1989 and End=1992 (approx. increase). Sample_Size=4 years (1989–1992).,,76,lepidoptera,tortricidae,tortricidae,,,,,,,,lep,0.148420005,0.25
L89,1988,1992,2000,Canada,Northern New Brunswick (managed stand; high‚Äìsevere),47.4,-67.67,Lepidoptera,Tortricidae,Zeiraphera canadensis,Field,Decline,Habitat,-0.98,5,Lepidoptera,Lepidoptera,Tortricidae,65,North America,,L89: Managed high-severe stand (Fig.1): Egg log density digitised (WebPlotDigitizer) at 1988 and 1992; Decline_Value computed as exp(Δlog)-1 using Start=1988 and End=1992 (approx. 98% decline). Sample_Size=5 years (1988–1992).,,79,lepidoptera,tortricidae,tortricidae,,,,,,,,lep,-3.912023005,0.2
L89,1990,1992,2000,Canada,Northern New Brunswick (managed stand; low‚Äìold),47.37,-67.69,Lepidoptera,Tortricidae,Zeiraphera canadensis,Field,Stable,,0.05,4,Lepidoptera,Lepidoptera,Tortricidae,66,North America,,L89: Managed low-light stand (Fig.2): Egg log density digitised (WebPlotDigitizer) at 1989 and 1992; Decline_Value computed as exp(Δlog)-1 using Start=1989 and End=1992 (near-stable). Sample_Size=4 years (1989–1992).,,80,lepidoptera,tortricidae,tortricidae,,,,,,,,lep,0.048790164,0.25
L122,1994,2017,2018,USA,"Cross Creek, Alachua County, North-central Florida",29.5297,-82.198,Lepidoptera,Nymphalidae,Danaus plexippus,Field,Decline,"Multiple, Habitat, Pesticides",-0.88,865,Lepidoptera,Lepidoptera,Nymphalidae,69,North America,,"L122: Decline_Value (−0.88) was extracted directly from the Results, where the authors report a highly significant decrease in adult monarch abundance (adults per hour) over 2005–2017, quantified as an 88% decline by linear regression.    Sample_Size (865) was recorded as the total number of adult individuals observed/captured in the survey dataset (sampling-effort proxy), as stated in the figure caption (‘based on observations of a total of 865 adults’).    Sample_Size therefore reflects the cumulative number of individuals contributing to the monitoring record, rather than the number of annual data points used in the regression",,83,lepidoptera,nymphalidae,nymphalidae,,,,,,,,lep,-2.120263536,0.001156069
L138,2016,2017,2024,UK,"Warton Crag Nature Reserve, Lancashire（Morecambe Bay Limestones）",54.1484,-2.7799,Lepidoptera,Nymphalidae,Boloria selene,Field,Decline,"Multiple, Habitat, Climate",0.109,356,Lepidoptera,Lepidoptera,Nymphalidae,70,Europe,,"L138: Decline_Value was calculated from Supplementary Table S1 using the open-population Jolly–Seber (JS) estimates of total population size for each species. Specifically, we used the JS ‘Population estimate (total)’ for 2016 and 2017 and computed proportional change as:Decline\_Value = \frac{N_{2017}-N_{2016}}{N_{2016}}, (where positive values indicate an increase). Sample_Size was recorded as an individual-based sampling-effort proxy, defined as the sum of ‘Number marked (total)’ across 2016 and 2017 (i.e., the total number of uniquely marked individuals contributing to the MRR estimates in Table S1). All values were extracted directly from Table S1.",,84,lepidoptera,nymphalidae,nymphalidae,,,,,,,,lep,0.103458708,0.002808989
L138,2016,2017,2024,UK,"Warton Crag Nature Reserve, Lancashire（Morecambe Bay Limestones）",54.1484,-2.7799,Lepidoptera,Nymphalidae,Boloria euphrosyne,Field,Decline,"Multiple, Habitat, Climate",0.338,131,Lepidoptera,Lepidoptera,Nymphalidae,71,Europe,,,,85,lepidoptera,nymphalidae,nymphalidae,,,,,,,,lep,0.291175962,0.007633588
L157,1972,2014,2016,USA,"Northern California elevational transect (10 sites: Suisun Marsh, Gates Canyon, West Sacramento, North Sacramento, Rancho Cordova, Washington, Lang Crossing, Castle Peak, Donner Pass, Sierra Valley); plus CA coastal overwintering counties (Marin, Monterey, San Luis Obispo, San Diego, Santa Barbara, Santa Cruz).",39.808,-121.2271,Lepidoptera,Nymphalidae,Danaus plexippus,Field,Decline,Habitat,-0.45,10,Lepidoptera,Lepidoptera,Nymphalidae,79,North America,,"L157: Decline_Value was standardised from the study’s across-site temporal trend reported for western monarch day-positives (presence/absence) on the Northern California elevational transect. The paper reports an across-site year coefficient of −0.6 on the log-odds scale (i.e., a log odds ratio), and explicitly gives the corresponding odds ratio = 0.55 per year after exponentiation.    To express this result in the database proportional-change convention, we converted the log-odds coefficient to a proportional change as Decline_Value = exp(−0.6) − 1 = −0.45, which represents an ~45% per-year decrease in the odds of observing monarchs (not a cumulative multi-decade percent decline). Sample_Size was recorded as 10 monitoring sites comprising the focal elevational transect used for the long-term summer-breeding monitoring dataset.",,93,lepidoptera,nymphalidae,nymphalidae,,,,,,,,lep,-0.597837001,0.1
L295,2011,2015,2017,Czech Republic,Pardubice District (Eastern Bohemia),50.05,15.5667,Lepidoptera,Lycaenidae,Phengaris teleius,Field,Decline (projected),"Multiple, Habitat, Urbanization",-0.193,6122,Lepidoptera,Lepidoptera,Lycaenidae,104,Europe,,"L295:Decline_Value was derived from Table 4 using Scenario B (metapopulation including all 13 habitat patches on both river banks). For each species, we used the four annual % decline values reported for 2011, 2013, 2014, and 2015 (Scenario B) and calculated a single study-level effect size as their arithmetic mean; the mean % decline was then converted to the database proportional-change convention (e.g., 19.3% → −0.193).    Sample_Size was recorded as the total number of captured individuals (n) summed across all patches and all four survey years from the patch-by-year capture tables (Table 2 for P. teleius; Table 3 for P. nausithous), representing the cumulative number of observed/captured individuals contributing to the monitoring dataset.”",,120,lepidoptera,lycaenidae,lycaenidae,,,,,,,,lep,-0.214431611,0.000163
L295,2011,2015,2017,Czech Republic,Pardubice District (Eastern Bohemia),50.05,15.5667,Lepidoptera,Lycaenidae,Phengaris nausithous,Field,Decline (projected),"Multiple, Habitat, Urbanization",-0.146,1627,Lepidoptera,Lepidoptera,Lycaenidae,105,Europe,,,,121,lepidoptera,lycaenidae,lycaenidae,,,,,,,,lep,-0.157824085,0.000615
L304,2002,2013,2015,USA,Northern Wisconsin (muskegs NE/NC/NW; kettleholes; Lake Superior coastal peatlands),46.095,-90.385,Lepidoptera,Lycaenidae,Callophrys augustinus,Field,Increase,,0.225,82,Lepidoptera,Lepidoptera,Lycaenidae,106,North America,,,,122,lepidoptera,lycaenidae,lycaenidae,,,,,,,,lep,0.202940844,0.012195122
L304,2002,2013,2015,USA,Northern Wisconsin (muskegs NE/NC/NW; kettleholes; Lake Superior coastal peatlands),46.095,-90.385,Lepidoptera,Nymphalidae,Boloria freija,Field,Increase,,0.158,79,Lepidoptera,Lepidoptera,Nymphalidae,107,North America,,"L304: Values recorded in the Decline_Value column correspond to the Spearman rank correlation coefficient (r) reported in Table 4 of the study, which quantifies the direction and strength of monotonic temporal trends in butterfly abundance versus year over the 12-year monitoring period. Positive r indicates increasing abundance through time, negative r indicates decreasing abundance, and the magnitude of |r| reflects how consistently abundance changes with year (non-parametric trend metric). Sample_Size corresponds to N in Table 4, i.e., the number of abundance–year observations (site-year time-series points) used to compute the Spearman correlation for the specified species and subregion/bog-type stratum.",,123,lepidoptera,nymphalidae,nymphalidae,,,,,,,,lep,0.146694379,0.012658228
L304,2002,2013,2015,USA,Northern Wisconsin (muskegs NE/NC/NW; kettleholes; Lake Superior coastal peatlands),46.095,-90.385,Lepidoptera,Nymphalidae,Erebia discoidalis,Field,Increase,,0.037,71,Lepidoptera,Lepidoptera,Nymphalidae,108,North America,,,,124,lepidoptera,nymphalidae,nymphalidae,,,,,,,,lep,0.036331929,0.014084507
L304,2002,2013,2015,USA,Northern Wisconsin (muskegs NE/NC/NW; kettleholes; Lake Superior coastal peatlands),46.095,-90.385,Lepidoptera,Nymphalidae,Boloria frigga,Field,Stable,,0.048,46,Lepidoptera,Lepidoptera,Nymphalidae,109,North America,,,,125,lepidoptera,nymphalidae,nymphalidae,,,,,,,,lep,0.046883586,0.02173913
L304,2002,2013,2015,USA,Northern Wisconsin (muskegs NE/NC/NW; kettleholes; Lake Superior coastal peatlands),46.095,-90.385,Lepidoptera,Nymphalidae,Oeneis jutta,Field,Stable,,0.066,76,Lepidoptera,Lepidoptera,Nymphalidae,110,North America,,,,126,lepidoptera,nymphalidae,nymphalidae,,,,,,,,lep,0.063913326,0.013157895
L304,2002,2013,2015,USA,Northern Wisconsin (muskegs NE/NC/NW; kettleholes; Lake Superior coastal peatlands),46.095,-90.385,Lepidoptera,Nymphalidae,Boloria eunomia,Field,Stable,,0.064,50,Lepidoptera,Lepidoptera,Nymphalidae,111,North America,,,,127,lepidoptera,nymphalidae,nymphalidae,,,,,,,,lep,0.062035391,0.02
L304,2002,2013,2015,USA,Northern Wisconsin (muskegs NE/NC/NW; kettleholes; Lake Superior coastal peatlands),46.095,-90.385,Lepidoptera,Nymphalidae,Coenonympha tullia,Field,Decline,"Multiple, Habitat, Climate",-0.367,94,Lepidoptera,Lepidoptera,Nymphalidae,112,North America,,,,128,lepidoptera,nymphalidae,nymphalidae,,,,,,,,lep,-0.457284857,0.010638298
L304,2002,2013,2015,USA,Northern Wisconsin (muskegs NE/NC/NW; kettleholes; Lake Superior coastal peatlands),46.095,-90.385,Lepidoptera,Lycaenidae,Lycaena dorcas,Field,Increase,,0.118,94,Lepidoptera,Lepidoptera,Lycaenidae,113,North America,,,,129,lepidoptera,lycaenidae,lycaenidae,,,,,,,,lep,0.111541375,0.010638298
L304,2002,2013,2015,USA,Northern Wisconsin (muskegs NE/NC/NW; kettleholes; Lake Superior coastal peatlands),46.095,-90.385,Lepidoptera,Lycaenidae,Lycaena epixanthe,Field,Decline,"Multiple, Habitat, Climate",-0.223,97,Lepidoptera,Lepidoptera,Lycaenidae,114,North America,,,,130,lepidoptera,lycaenidae,lycaenidae,,,,,,,,lep,-0.252314929,0.010309278
L304,2002,2013,2015,USA,Northern Wisconsin (muskegs NE/NC/NW; kettleholes; Lake Superior coastal peatlands),46.095,-90.385,Lepidoptera,Nymphalidae,Boloria montinus,Field,Decline,"Multiple, Habitat, Climate",-0.351,88,Lepidoptera,Lepidoptera,Nymphalidae,115,North America,,,,131,lepidoptera,nymphalidae,nymphalidae,,,,,,,,lep,-0.432322562,0.011363636
L494,2013,2017,2019,Brazil,"Planaltina, Federal District (Cerrado)",-15.5917,-47.7083,Lepidoptera,Noctuidae,Anicla infecta,Field,Decline,Climate,-0.895,459,Lepidoptera,Lepidoptera,Noctuidae,116,South America,,"L494: Sample_Size was recorded as the total number of individuals collected for each species across the full study period (2013/2014–2016/2017), as reported in the Abstract (A. infecta n=459; E. agrotina n=1809; S. frugiperda n=2451).     Decline_Value was calculated from Table 1 as the proportional change in total abundance between the first and last crop seasons (CS1 vs CS4), using the database convention: Decline_Value = (CS4 − CS1) / CS1.  CS-specific totals were taken directly from Table 1 (CS1 and CS4 columns), yielding −0.895 (296→31) for A. infecta, −0.964 (1516→55) for E. agrotina, and −0.920 (1337→107) for S. frugiperda",,132,lepidoptera,noctuidae,noctuidae,,,,,,,,lep,-2.253794929,0.002178649
L494,2013,2017,2019,Brazil,"Planaltina, Federal District (Cerrado)",-15.5917,-47.7083,Lepidoptera,Noctuidae,Elaphria agrotina,Field,Decline,Climate,-0.964,1809,Lepidoptera,Lepidoptera,Noctuidae,117,South America,,,,133,lepidoptera,noctuidae,noctuidae,,,,,,,,lep,-3.324236341,0.000553
L494,2013,2017,2019,Brazil,"Planaltina, Federal District (Cerrado)",-15.5917,-47.7083,Lepidoptera,Noctuidae,Spodoptera frugiperda,Field,Decline,Climate,-0.92,2451,Lepidoptera,Lepidoptera,Noctuidae,118,South America,,,,134,lepidoptera,noctuidae,noctuidae,,,,,,,,lep,-2.525728644,0.000408
L818,1992,2015,2017,Australia,Northern New South Wales ,-30.1755,149.6044,Lepidoptera,Noctuidae,Helicoverpa punctigera,Field,Decline,"Multiple, Habitat, Climate",-0.611,248,Lepidoptera,Lepidoptera,Noctuidae,123,Oceania,,"L818: Decline_Value was derived from the multiple regression reported in Table 3 for 1st-generation Helicoverpa punctigera (mostly spring migrants). Trap catches were analysed on a log(x+1) scale, and the fitted ‘Year’ coefficient for the 1st generation was β = −0.041.  To express this trend as a study-period proportional change under the database convention, we converted the log-scale coefficient to a cumulative proportional change over the monitoring duration (1992–2015; 23 years) using: Decline\_Value = \exp(\beta \times 23) – 1. which gives \exp(-0.041\times 23)-1 \approx -0.611 (≈61.1% decline over the study period). Sample_Size was recorded as the number of observations used in the 1st-generation regression, inferred from Table 3 total df (247), hence N = 248",,139,lepidoptera,noctuidae,noctuidae,,,,,,,,lep,-0.944175935,0.004032258
L1254,2014,2015,2019,Belgium,Northern Belgium (multi-site),50.4481,4.806,Lepidoptera,Multiple,Assemblage: Butterflies (multiple spp.),Field,Decline,"Multiple, Urbanization, Climate",-0.84,4413,Lepidoptera,Lepidoptera,Multiple,126,Europe,,"L1254: Study-level records are community/assemblage outcomes (not single-species trends). Sample_Size was recorded as the total number of individuals observed/captured during the standardized surveys: 4,413 butterfly observations and 3,067 macro-moth individuals (Methods, species sampling).  Decline_Value was taken directly from the Results describing the modelled change in abundance along the urbanization gradient: when contrasting sites differing by 25% built-up cover (BUC) at the best-fitting spatial scale, abundance was estimated to decline by −84% for butterflies and −89% for macro-moths, recorded as proportional changes (−0.84 and −0.89, respectively).    This effect represents a regression-based urbanization contrast, not a temporal (year-to-year) population trend.",,143,lepidoptera,multiple,multiple,,,,,,,,lep,-1.832581464,0.000227
L1254,2014,2015,2019,Belgium,Northern Belgium (multi-site),50.4481,4.806,Lepidoptera,Multiple,Assemblage: Macro-moths (multiple spp.),Field,Decline,"Multiple, Urbanization, Climate",-0.89,3067,Lepidoptera,Lepidoptera,Multiple,127,Europe,,,,144,lepidoptera,multiple,multiple,,,,,,,,lep,-2.207274913,0.000326
L1364,2020,2021,2021,USA,"California, Santa Clara County（Mountain View & Palo Alto；San Francisco South Bay）",37.414,-122.1135,Lepidoptera,Multiple,Danaus plexippus,Field,Decline,"Multiple, Habitat, Pathogens",-0.998,499,Lepidoptera,Lepidoptera,Multiple,128,North America,,"L1364：This study reports that the western monarch overwintering population at coastal California sites declined from “more than one million” individuals in 1997 to ca. 1900 individuals in 2020 (Introduction). Decline_Value was calculated as a proportional change using the conservative baseline N_1997 = 1,000,000: Decline_Value = (1900 − 1,000,000) / 1,000,000 = −0.9981, rounded to −0.998. Sample_Size was taken as the number of newly eclosed adults tagged and released during the study period (29 Jan–12 Jun 2021): n = 499.",,145,lepidoptera,multiple,multiple,,,,,,,,lep,-6.214608098,0.002004008
L2366,2017,2018,2020,Brazil,"Campos do Jordão, São Paulo, Mantiqueira Range",-22.7167,-45.5167,Lepidoptera,Nymphalidae,Pampasatyrus glaucope boenninghauseni,Field,Decline,"Multiple, Habitat, Urbanization, Invasives",-0.309,979,Lepidoptera,Lepidoptera,Nymphalidae,148,South America,,"L2366：P. glaucope boenninghauseni Sample_Size was defined as the total number of uniquely marked individuals (“number marked”) across the two survey years. The paper reports 384 males + 195 females marked in 2017 (n=579) and 226 males + 174 females marked in 2018 (n=400), giving Sample_Size = 579 + 400 = 979. Decline_Value was calculated as proportional change in marked individuals between years: (2018 − 2017)/2017 = (400 − 579)/579 ≈ −0.309 (rounded).",,171,lepidoptera,nymphalidae,nymphalidae,,,,,,,,lep,-0.369615455,0.00102145
L2366,2017,2018,2020,Brazil,"Campos do Jordão, São Paulo, Mantiqueira Range",-22.7167,-45.5167,Lepidoptera,Nymphalidae,Pampasatyrus gyrtone biezankoi,Field,Decline,"Multiple, Habitat, Urbanization, Invasives",-0.563,46,Lepidoptera,Lepidoptera,Nymphalidae,149,South America,,"L2366：P. gyrtone biezankoi Sample_Size was defined as the total number of uniquely marked individuals (“number marked”) across the two survey years. The paper reports 32 individuals marked in 2017 and 14 individuals marked in 2018, giving Sample_Size = 32 + 14 = 46. Decline_Value was calculated as proportional change in marked individuals between years: (2018 − 2017)/2017 = (14 − 32)/32 ≈ −0.563.",,172,lepidoptera,nymphalidae,nymphalidae,,,,,,,,lep,-0.827822084,0.02173913
