reference_no,start_year,end_year,publish_year,country,region,latitude,longitude,pollinator_order,pollinator_family,pollinator_species,study_method,trend,drivers_reported,decline_value,sample_size,source_sheet,order_raw,family_raw,row_id,continent,x22,notes,x24,row_id_2,pollinator_order_norm,pollinator_family_norm,family_raw_norm,fig_s3_zhong_chu_xian_de_you_xiao_chuan_fen_zhe,x25,x26,x27,x28,x29,x30,order_key,yi,vi,effect_id,study_method_clean,pesticide,habitat,climate,pesticide_z,habitat_z,climate_z
H1,1900,2007,2009,USA,Illinois,39.9858,-89.2089,Hymenoptera,Apidae,Bombus affinis,Historical  + Field,Decline,"Multiple, Habitat, Pesticides, Pathogens",-0.32999999999999907,68,Hymenoptera,Hymenoptera,Apidae,5,North America,NA,NA,NA,5,hymenoptera,apidae,apidae,NA,NA,NA,NA,NA,NA,NA,hym,-0.4004775665971239,0.01470588235294117,1,Historical + Field,0.6174102742497796,0.4957802598278254,0.4240992626634099,-0.1112015829615195,0.3369530575273485,-0.40305788435153406
H1,1900,2007,2009,USA,Illinois,39.9858,-89.2089,Hymenoptera,Apidae,Bombus fraternus,Historical  + Field,Decline,"Multiple, Habitat, Pesticides, Pathogens",-0.32999999999999907,37,Hymenoptera,Hymenoptera,Apidae,6,North America,NA,NA,NA,6,hymenoptera,apidae,apidae,NA,NA,NA,NA,NA,NA,NA,hym,-0.4004775665971239,0.02702702702702703,2,Historical + Field,0.6174102742497796,0.4957802598278254,0.4240992626634099,-0.1112015829615195,0.3369530575273485,-0.40305788435153406
H1,1900,2007,2009,USA,Illinois,39.9858,-89.2089,Hymenoptera,Apidae,Bombus pensylvanicus,Historical  + Field,Decline,"Multiple, Habitat, Pesticides, Pathogens",-0.32999999999999907,11130,Hymenoptera,Hymenoptera,Apidae,7,North America,NA,NA,NA,7,hymenoptera,apidae,apidae,NA,NA,NA,NA,NA,NA,NA,hym,-0.4004775665971239,8.984725965858041e-5,3,Historical + Field,0.6174102742497796,0.4957802598278254,0.4240992626634099,-0.1112015829615195,0.3369530575273485,-0.40305788435153406
H1,1900,2007,2009,USA,Illinois,39.9858,-89.2089,Hymenoptera,Apidae,Bombus vagans,Historical  + Field,Decline,"Multiple, Habitat, Pesticides, Pathogens",-0.32999999999999907,328,Hymenoptera,Hymenoptera,Apidae,8,North America,NA,NA,NA,8,hymenoptera,apidae,apidae,NA,NA,NA,NA,NA,NA,NA,hym,-0.4004775665971239,0.00304878048780487,4,Historical + Field,0.6174102742497796,0.4957802598278254,0.4240992626634099,-0.1112015829615195,0.3369530575273485,-0.40305788435153406
H9,1864,2009,2012,"USA, Canada",Eastern Nearctic,43,-79,Hymenoptera,Apidae,Bombus affinis,Historical,Decline,"Multiple, Habitat, Pathogens, Climate",-0.735,1563,Hymenoptera,Hymenoptera,Apidae,32,North America,NA,"H9: Decline_Value was derived from Table 1 ‘persistence’, defined as the proportion of re-sampled historical 50×50 km grid cells (cells with any Bombus record in 1864–1990 and sampled again in 1991–2009) that remained occupied by the focal species in 1991–2009.  We calculated Decline_Value as persistence − 1, which quantifies loss of occupancy within the re-sampled historical range (range persistence loss) rather than absolute abundance change.  Sample_Size is the species’ total number of specimen/occurrence records in the cleaned database (Table 2 ‘Total records’, 1864–2009).”",Melittidae（蜜蜂科的一个小分支，蜜蜂类）,32,hymenoptera,apidae,apidae,NA,NA,NA,NA,NA,NA,NA,hym,-1.3280254529959148,6.397952655150352e-4,5,Historical,0.6905025585606137,0.6132229942233703,0.40168002491249244,0.1206159368282748,0.7501551604073166,-0.6668550150572857
H9,1864,2009,2012,"USA, Canada",Eastern Nearctic,43,-79,Hymenoptera,Apidae,Bombus ashtoni,Historical,Decline,"Multiple, Habitat, Pathogens",-0.653,941,Hymenoptera,Hymenoptera,Apidae,33,North America,NA,NA,Perilampidae（丽蜂科）,33,hymenoptera,apidae,apidae,NA,NA,NA,NA,NA,NA,NA,hym,-1.058430499035278,0.00106269925611052,6,Historical,0.6905025585606137,0.6132229942233703,0.40168002491249244,0.1206159368282748,0.7501551604073166,-0.6668550150572857
H9,1864,2009,2012,"USA, Canada",Eastern Nearctic,43,-79,Hymenoptera,Apidae,Bombus auricomus,Historical,Decline,"Multiple, Habitat, Pathogens",-0.508,493,Hymenoptera,Hymenoptera,Apidae,34,North America,NA,NA,Pompilidae（蜘蛛蜂科）,34,hymenoptera,apidae,apidae,NA,NA,NA,NA,NA,NA,NA,hym,-0.709276562489829,0.00202839756592292,7,Historical,0.6905025585606137,0.6132229942233703,0.40168002491249244,0.1206159368282748,0.7501551604073166,-0.6668550150572857
H9,1864,2009,2012,"USA, Canada",Eastern Nearctic,43,-79,Hymenoptera,Apidae,Bombus bimaculatus,Historical,Increase,NA,-0.163,2952,Hymenoptera,Hymenoptera,Apidae,35,North America,NA,NA,Pteromalidae（小蜂科）,35,hymenoptera,apidae,apidae,NA,NA,NA,NA,NA,NA,NA,hym,-0.17793120849266178,3.3875338753387534e-4,8,Historical,0.6905025585606137,0.6132229942233703,0.40168002491249244,0.1206159368282748,0.7501551604073166,-0.6668550150572857
H9,1864,2009,2012,"USA, Canada",Eastern Nearctic,43,-79,Hymenoptera,Apidae,Bombus borealis,Historical,Decline,NA,-0.729,1067,Hymenoptera,Hymenoptera,Apidae,36,North America,NA,NA,Scelionidae（卵蜂科）,36,hymenoptera,apidae,apidae,NA,NA,NA,NA,NA,NA,NA,hym,-1.305636458102436,9.372071227741332e-4,9,Historical,0.6905025585606137,0.6132229942233703,0.40168002491249244,0.1206159368282748,0.7501551604073166,-0.6668550150572857
H9,1864,2009,2012,"USA, Canada",Eastern Nearctic,43,-79,Hymenoptera,Apidae,Bombus citrinus,Historical,Decline,NA,-0.241,1202,Hymenoptera,Hymenoptera,Apidae,37,North America,NA,NA,Scoliidae（蝉蜂科）,37,hymenoptera,apidae,apidae,NA,NA,NA,NA,NA,NA,NA,hym,-0.27575350158650713,8.319467554076539e-4,10,Historical,0.6905025585606137,0.6132229942233703,0.40168002491249244,0.1206159368282748,0.7501551604073166,-0.6668550150572857
H9,1864,2009,2012,"USA, Canada",Eastern Nearctic,43,-79,Hymenoptera,Apidae,Bombus fernaldae,Historical,Decline,"Multiple, Habitat, Pathogens, Climate",-0.767,474,Hymenoptera,Hymenoptera,Apidae,38,North America,NA,NA,Sphecidae（泥蜂科）,38,hymenoptera,apidae,apidae,NA,NA,NA,NA,NA,NA,NA,hym,-1.4567168254164369,0.00210970464135021,11,Historical,0.6905025585606137,0.6132229942233703,0.40168002491249244,0.1206159368282748,0.7501551604073166,-0.6668550150572857
H9,1864,2009,2012,"USA, Canada",Eastern Nearctic,43,-79,Hymenoptera,Apidae,Bombus fervidus,Historical,Decline,"Multiple, Habitat, Pathogens, Climate",-0.448,3937,Hymenoptera,Hymenoptera,Apidae,39,North America,NA,NA,Tenthredinidae（叶蜂科）,39,hymenoptera,apidae,apidae,NA,NA,NA,NA,NA,NA,NA,hym,-0.5942072327050416,2.54000508001016e-4,12,Historical,0.6905025585606137,0.6132229942233703,0.40168002491249244,0.1206159368282748,0.7501551604073166,-0.6668550150572857
H9,1864,2009,2012,"USA, Canada",Eastern Nearctic,43,-79,Hymenoptera,Apidae,Bombus fraternus,Historical,Decline,"Multiple, Habitat, Pathogens, Climate",-0.727,145,Hymenoptera,Hymenoptera,Apidae,40,North America,NA,NA,Thynnidae（兰蜂科，著名的兰科性欺骗授粉者）,40,hymenoptera,apidae,apidae,NA,NA,NA,NA,NA,NA,NA,hym,-1.2982834837971773,0.00689655172413793,13,Historical,0.6905025585606137,0.6132229942233703,0.40168002491249244,0.1206159368282748,0.7501551604073166,-0.6668550150572857
H9,1864,2009,2012,"USA, Canada",Eastern Nearctic,43,-79,Hymenoptera,Apidae,Bombus frigidus,Historical,Decline,"Multiple, Habitat, Pathogens, Climate",-0.4290000000000001,1830,Hymenoptera,Hymenoptera,Apidae,41,North America,NA,NA,Tiphiidae（拟蝎蜂科）,41,hymenoptera,apidae,apidae,NA,NA,NA,NA,NA,NA,NA,hym,-0.5603660693261269,5.46448087431694e-4,14,Historical,0.6905025585606137,0.6132229942233703,0.40168002491249244,0.1206159368282748,0.7501551604073166,-0.6668550150572857
H9,1864,2009,2012,"USA, Canada",Eastern Nearctic,43,-79,Hymenoptera,Apidae,Bombus griseocollis,Historical,Decline,"Multiple, Habitat, Pathogens, Climate",-0.278,2870,Hymenoptera,Hymenoptera,Apidae,42,North America,NA,NA,Torymidae（花蜂科）,42,hymenoptera,apidae,apidae,NA,NA,NA,NA,NA,NA,NA,hym,-0.32573014008931084,3.484320557491289e-4,15,Historical,0.6905025585606137,0.6132229942233703,0.40168002491249244,0.1206159368282748,0.7501551604073166,-0.6668550150572857
H9,1864,2009,2012,"USA, Canada",Eastern Nearctic,43,-79,Hymenoptera,Apidae,Bombus impatiens,Historical,Increase,NA,-0.15900000000000003,9111,Hymenoptera,Hymenoptera,Apidae,43,North America,NA,NA,Vespidae（胡蜂科，含黄蜂、马蜂、长腹胡蜂等）,43,hymenoptera,apidae,apidae,NA,NA,NA,NA,NA,NA,NA,hym,-0.17316361900918903,1.097574360662935e-4,16,Historical,0.6905025585606137,0.6132229942233703,0.40168002491249244,0.1206159368282748,0.7501551604073166,-0.6668550150572857
H9,1864,2009,2012,"USA, Canada",Eastern Nearctic,43,-79,Hymenoptera,Apidae,Bombus insularis,Historical,Decline,"Multiple, Habitat, Pathogens, Climate",-0.556,1025,Hymenoptera,Hymenoptera,Apidae,44,North America,NA,NA,NA,44,hymenoptera,apidae,apidae,NA,NA,NA,NA,NA,NA,NA,hym,-0.8119307165499124,9.75609756097561e-4,17,Historical,0.6905025585606137,0.6132229942233703,0.40168002491249244,0.1206159368282748,0.7501551604073166,-0.6668550150572857
H9,1864,2009,2012,"USA, Canada",Eastern Nearctic,43,-79,Hymenoptera,Apidae,Bombus pensylvanicus,Historical,Decline,"Multiple, Habitat, Pathogens, Climate",-0.656,2024,Hymenoptera,Hymenoptera,Apidae,45,North America,NA,NA,NA,45,hymenoptera,apidae,apidae,NA,NA,NA,NA,NA,NA,NA,hym,-1.067113621608739,4.940711462450593e-4,18,Historical,0.6905025585606137,0.6132229942233703,0.40168002491249244,0.1206159368282748,0.7501551604073166,-0.6668550150572857
H9,1864,2009,2012,"USA, Canada",Eastern Nearctic,43,-79,Hymenoptera,Apidae,Bombus perplexus,Historical,Stable,"Multiple, Habitat, Pathogens, Climate",-0.369,1735,Hymenoptera,Hymenoptera,Apidae,46,North America,NA,NA,NA,46,hymenoptera,apidae,apidae,NA,NA,NA,NA,NA,NA,NA,hym,-0.4604494164409239,5.763688760806917e-4,19,Historical,0.6905025585606137,0.6132229942233703,0.40168002491249244,0.1206159368282748,0.7501551604073166,-0.6668550150572857
H9,1864,2009,2012,"USA, Canada",Eastern Nearctic,43,-79,Hymenoptera,Apidae,Bombus rufocinctus,Historical,Increase,NA,-0.332999999999999,2671,Hymenoptera,Hymenoptera,Apidae,47,North America,NA,NA,NA,47,hymenoptera,apidae,apidae,NA,NA,NA,NA,NA,NA,NA,hym,-0.40496523306651194,3.743916136278547e-4,20,Historical,0.6905025585606137,0.6132229942233703,0.40168002491249244,0.1206159368282748,0.7501551604073166,-0.6668550150572857
H9,1864,2009,2012,"USA, Canada",Eastern Nearctic,43,-79,Hymenoptera,Apidae,Bombus sandersoni,Historical,Decline,"Multiple, Habitat, Pathogens, Climate",-0.732,472,Hymenoptera,Hymenoptera,Apidae,48,North America,NA,NA,NA,48,hymenoptera,apidae,apidae,NA,NA,NA,NA,NA,NA,NA,hym,-1.3167682984712803,0.00211864406779661,21,Historical,0.6905025585606137,0.6132229942233703,0.40168002491249244,0.1206159368282748,0.7501551604073166,-0.6668550150572857
H9,1864,2009,2012,"USA, Canada",Eastern Nearctic,43,-79,Hymenoptera,Apidae,Bombus ternarius,Historical,Decline,"Multiple, Habitat, Pathogens, Climate",-0.278,2502,Hymenoptera,Hymenoptera,Apidae,49,North America,NA,NA,NA,49,hymenoptera,apidae,apidae,NA,NA,NA,NA,NA,NA,NA,hym,-0.32573014008931084,3.996802557953637e-4,22,Historical,0.6905025585606137,0.6132229942233703,0.40168002491249244,0.1206159368282748,0.7501551604073166,-0.6668550150572857
H9,1864,2009,2012,"USA, Canada",Eastern Nearctic,43,-79,Hymenoptera,Apidae,Bombus terricola,Historical,Decline,"Multiple, Habitat, Pathogens, Climate",-0.482,3724,Hymenoptera,Hymenoptera,Apidae,50,North America,NA,NA,NA,50,hymenoptera,apidae,apidae,NA,NA,NA,NA,NA,NA,NA,hym,-0.657780036722654,2.685284640171858e-4,23,Historical,0.6905025585606137,0.6132229942233703,0.40168002491249244,0.1206159368282748,0.7501551604073166,-0.6668550150572857
H9,1864,2009,2012,"USA, Canada",Eastern Nearctic,43,-79,Hymenoptera,Apidae,Bombus vagans,Historical,Decline,"Multiple, Habitat, Pathogens, Climate",-0.369,3965,Hymenoptera,Hymenoptera,Apidae,51,North America,NA,NA,NA,51,hymenoptera,apidae,apidae,NA,NA,NA,NA,NA,NA,NA,hym,-0.4604494164409239,2.5220680958385876e-4,24,Historical,0.6905025585606137,0.6132229942233703,0.40168002491249244,0.1206159368282748,0.7501551604073166,-0.6668550150572857
H13,1999,2014,2016,USA,Coastal California ,36.6706,-121.5903,Hymenoptera,Apidae,Bombus spp. (B. vosnesenskii / B. caliginosus complex),Field,Decline,"Multiple, Climate, Competition",-0.11,85,Hymenoptera,Hymenoptera,Apidae,54,North America,NA,NA,NA,54,hymenoptera,apidae,apidae,NA,NA,NA,NA,NA,NA,NA,hym,-0.11653381625595152,0.01176470588235294,25,Field,1,0.6452366674411604,0.5767699468989033,1.102209684133432,0.8627897747373177,1.3933496872019997
H23,2013,2017,2020,Panama,Darien NP,8.0178,-77.7327,Hymenoptera,Apidae,Euglossa imperialis,Field,Decline,"Multiple, Climate, Pesticides, Urbanization",-0.38,786,Hymenoptera,Hymenoptera,Apidae,64,North America,NA,"Species-level abundance trajectories were extracted from Figure 3 using WebPlotDigitizer (Burda et al., 2017).  For each species, canopy (solid line with circles) and understory (dashed line with triangles) counts were digitised at each sampling date and combined as total abundance = canopy + understory for that date.  Temporal trends were estimated by fitting a linear regression log(total abundance + 1) ~ year, using all digitised time points to minimise subjectivity associated with start–end comparisons and to accommodate zero observations.  The fitted slope (β) was converted to an annual proportional change as Decline_Value = exp(β) − 1.  Sample_Size represents the total number of individuals collected per species as reported in Table I (“Number collected”), while the number of digitised observations used in the regression is recorded as [n_timepoints] (e.g., 12 dates × 1 total series per species).Sample_Size corresponds to Table I ‘Number collected’, i.e., the total number of individuals captured for each Euglossa species across the entire study period (2013–2017). This value represents overall sampling intensity (total individuals), not the number of digitised time points used for trend estimation.",NA,64,hymenoptera,apidae,apidae,NA,NA,NA,NA,NA,NA,NA,hym,-0.4780358009429998,0.00127226463104325,26,Field,0.20239973967464348,0.019601727960332993,0.5781676013453788,-1.4274378138982018,-1.33839937467392,1.409795261168193
H23,2013,2017,2020,Panama,Darien NP,8.0178,-77.7327,Hymenoptera,Apidae,Euglossa tridentata,Field,Decline,"Multiple, Climate, Pesticides, Urbanization",-0.65,693,Hymenoptera,Hymenoptera,Apidae,65,North America,NA,NA,NA,65,hymenoptera,apidae,apidae,NA,NA,NA,NA,NA,NA,NA,hym,-1.0498221244986778,0.00144300144300144,27,Field,0.20239973967464348,0.019601727960332993,0.5781676013453788,-1.4274378138982018,-1.33839937467392,1.409795261168193
H23,2013,2017,2020,Panama,Darien NP,8.0178,-77.7327,Hymenoptera,Apidae,Euglossa hansoni,Field,Decline,"Multiple, Climate, Pesticides, Urbanization",-0.6,294,Hymenoptera,Hymenoptera,Apidae,66,North America,NA,NA,NA,66,hymenoptera,apidae,apidae,NA,NA,NA,NA,NA,NA,NA,hym,-0.916290731874155,0.00340136054421768,28,Field,0.20239973967464348,0.019601727960332993,0.5781676013453788,-1.4274378138982018,-1.33839937467392,1.409795261168193
H23,2013,2017,2020,Panama,Darien NP,8.0178,-77.7327,Hymenoptera,Apidae,Euglossa deceptrix,Field,Decline,"Multiple, Climate, Pesticides, Urbanization",-0.3,281,Hymenoptera,Hymenoptera,Apidae,67,North America,NA,NA,NA,67,hymenoptera,apidae,apidae,NA,NA,NA,NA,NA,NA,NA,hym,-0.35667494393873245,0.00355871886120996,29,Field,0.20239973967464348,0.019601727960332993,0.5781676013453788,-1.4274378138982018,-1.33839937467392,1.409795261168193
H23,2013,2017,2020,Panama,Darien NP,8.0178,-77.7327,Hymenoptera,Apidae,Euglossa variabilis,Field,Decline,"Multiple, Climate, Pesticides, Urbanization",-0.35,235,Hymenoptera,Hymenoptera,Apidae,68,North America,NA,NA,NA,68,hymenoptera,apidae,apidae,NA,NA,NA,NA,NA,NA,NA,hym,-0.4307829160924542,0.00425531914893617,30,Field,0.20239973967464348,0.019601727960332993,0.5781676013453788,-1.4274378138982018,-1.33839937467392,1.409795261168193
H23,2013,2017,2020,Panama,Darien NP,8.0178,-77.7327,Hymenoptera,Apidae,Euglossa despecta,Field,Decline,"Multiple, Climate, Pesticides, Urbanization",-0.55,121,Hymenoptera,Hymenoptera,Apidae,69,North America,NA,NA,NA,69,hymenoptera,apidae,apidae,NA,NA,NA,NA,NA,NA,NA,hym,-0.7985076962177717,0.00826446280991735,31,Field,0.20239973967464348,0.019601727960332993,0.5781676013453788,-1.4274378138982018,-1.33839937467392,1.409795261168193
H23,2013,2017,2020,Panama,Darien NP,8.0178,-77.7327,Hymenoptera,Apidae,Euglossa ignita,Field,Decline,"Multiple, Climate, Pesticides, Urbanization",-0.4,105,Hymenoptera,Hymenoptera,Apidae,70,North America,NA,NA,NA,70,hymenoptera,apidae,apidae,NA,NA,NA,NA,NA,NA,NA,hym,-0.5108256237659907,0.00952380952380952,32,Field,0.20239973967464348,0.019601727960332993,0.5781676013453788,-1.4274378138982018,-1.33839937467392,1.409795261168193
H23,2013,2017,2020,Panama,Darien NP,8.0178,-77.7327,Hymenoptera,Apidae,Euglossa flammea,Field,Decline,"Multiple, Climate, Pesticides, Urbanization",-0.7,105,Hymenoptera,Hymenoptera,Apidae,71,North America,NA,NA,NA,71,hymenoptera,apidae,apidae,NA,NA,NA,NA,NA,NA,NA,hym,-1.203972804325936,0.00952380952380952,33,Field,0.20239973967464348,0.019601727960332993,0.5781676013453788,-1.4274378138982018,-1.33839937467392,1.409795261168193
H23,2013,2017,2020,Panama,Darien NP,8.0178,-77.7327,Hymenoptera,Apidae,Euglossa gorgonensis,Field,Decline,"Multiple, Climate, Pesticides, Urbanization",-0.65,99,Hymenoptera,Hymenoptera,Apidae,72,North America,NA,NA,NA,72,hymenoptera,apidae,apidae,NA,NA,NA,NA,NA,NA,NA,hym,-1.0498221244986778,0.0101010101010101,34,Field,0.20239973967464348,0.019601727960332993,0.5781676013453788,-1.4274378138982018,-1.33839937467392,1.409795261168193
H23,2013,2017,2020,Panama,Darien NP,8.0178,-77.7327,Hymenoptera,Apidae,Euglossa bursigera,Field,Decline,"Multiple, Climate, Pesticides, Urbanization",-0.35,73,Hymenoptera,Hymenoptera,Apidae,73,North America,NA,NA,NA,73,hymenoptera,apidae,apidae,NA,NA,NA,NA,NA,NA,NA,hym,-0.4307829160924542,0.0136986301369863,35,Field,0.20239973967464348,0.019601727960332993,0.5781676013453788,-1.4274378138982018,-1.33839937467392,1.409795261168193
H23,2013,2017,2020,Panama,Darien NP,8.0178,-77.7327,Hymenoptera,Apidae,Euglossa sapphirina,Field,Decline,"Multiple, Climate, Pesticides, Urbanization",-0.55,67,Hymenoptera,Hymenoptera,Apidae,74,North America,NA,NA,NA,74,hymenoptera,apidae,apidae,NA,NA,NA,NA,NA,NA,NA,hym,-0.7985076962177717,0.01492537313432835,36,Field,0.20239973967464348,0.019601727960332993,0.5781676013453788,-1.4274378138982018,-1.33839937467392,1.409795261168193
H23,2013,2017,2020,Panama,Darien NP,8.0178,-77.7327,Hymenoptera,Apidae,Euglossa cyanaspis,Field,Decline,"Multiple, Climate, Pesticides, Urbanization",-0.9,44,Hymenoptera,Hymenoptera,Apidae,75,North America,NA,NA,NA,75,hymenoptera,apidae,apidae,NA,NA,NA,NA,NA,NA,NA,hym,-2.302585092994046,0.02272727272727272,37,Field,0.20239973967464348,0.019601727960332993,0.5781676013453788,-1.4274378138982018,-1.33839937467392,1.409795261168193
H23,2013,2017,2020,Panama,Darien NP,8.0178,-77.7327,Hymenoptera,Apidae,Euglossa heterosticta,Field,Decline,"Multiple, Climate, Pesticides, Urbanization",-0.2,36,Hymenoptera,Hymenoptera,Apidae,76,North America,NA,NA,NA,76,hymenoptera,apidae,apidae,NA,NA,NA,NA,NA,NA,NA,hym,-0.2231435513142097,0.02777777777777777,38,Field,0.20239973967464348,0.019601727960332993,0.5781676013453788,-1.4274378138982018,-1.33839937467392,1.409795261168193
H23,2013,2017,2020,Panama,Darien NP,8.0178,-77.7327,Hymenoptera,Apidae,Euglossa dissimula,Field,Decline,"Multiple, Climate, Pesticides, Urbanization",-0.75,36,Hymenoptera,Hymenoptera,Apidae,77,North America,NA,NA,NA,77,hymenoptera,apidae,apidae,NA,NA,NA,NA,NA,NA,NA,hym,-1.3862943611198906,0.02777777777777777,39,Field,0.20239973967464348,0.019601727960332993,0.5781676013453788,-1.4274378138982018,-1.33839937467392,1.409795261168193
H23,2013,2017,2020,Panama,Darien NP,8.0178,-77.7327,Hymenoptera,Apidae,Euglossa dodsoni,Field,Decline,"Multiple, Climate, Pesticides, Urbanization",-0.9,30,Hymenoptera,Hymenoptera,Apidae,78,North America,NA,NA,NA,78,hymenoptera,apidae,apidae,NA,NA,NA,NA,NA,NA,NA,hym,-2.302585092994046,0.03333333333333333,40,Field,0.20239973967464348,0.019601727960332993,0.5781676013453788,-1.4274378138982018,-1.33839937467392,1.409795261168193
H23,2013,2017,2020,Panama,Darien NP,8.0178,-77.7327,Hymenoptera,Apidae,Euglossa allosticta,Field,Decline,"Multiple, Climate, Pesticides, Urbanization",-0.8,27,Hymenoptera,Hymenoptera,Apidae,79,North America,NA,NA,NA,79,hymenoptera,apidae,apidae,NA,NA,NA,NA,NA,NA,NA,hym,-1.6094379124341005,0.03703703703703703,41,Field,0.20239973967464348,0.019601727960332993,0.5781676013453788,-1.4274378138982018,-1.33839937467392,1.409795261168193
H23,2013,2017,2020,Panama,Darien NP,8.0178,-77.7327,Hymenoptera,Apidae,Euglossa asarophora,Field,Decline,"Multiple, Climate, Pesticides, Urbanization",-0.7,22,Hymenoptera,Hymenoptera,Apidae,81,North America,NA,NA,NA,81,hymenoptera,apidae,apidae,NA,NA,NA,NA,NA,NA,NA,hym,-1.203972804325936,0.04545454545454545,42,Field,0.20239973967464348,0.019601727960332993,0.5781676013453788,-1.4274378138982018,-1.33839937467392,1.409795261168193
H23,2013,2017,2020,Panama,Darien NP,8.0178,-77.7327,Hymenoptera,Apidae,Euglossa mixta,Field,Decline,"Multiple, Climate, Pesticides, Urbanization",-0.8500000000000001,13,Hymenoptera,Hymenoptera,Apidae,82,North America,NA,NA,NA,82,hymenoptera,apidae,apidae,NA,NA,NA,NA,NA,NA,NA,hym,-1.897119984885882,0.07692307692307693,43,Field,0.20239973967464348,0.019601727960332993,0.5781676013453788,-1.4274378138982018,-1.33839937467392,1.409795261168193
H23,2013,2017,2020,Panama,Darien NP,8.0178,-77.7327,Hymenoptera,Apidae,Euglossa crassipunctata,Field,Recovery,"Multiple, Climate, Pesticides, Urbanization",0.1,12,Hymenoptera,Hymenoptera,Apidae,83,North America,NA,NA,NA,83,hymenoptera,apidae,apidae,NA,NA,NA,NA,NA,NA,NA,hym,0.09531017980432492,0.08333333333333333,44,Field,0.20239973967464348,0.019601727960332993,0.5781676013453788,-1.4274378138982018,-1.33839937467392,1.409795261168193
H23,2013,2017,2020,Panama,Darien NP,8.0178,-77.7327,Hymenoptera,Apidae,Euglossa dressleri,Field,Decline,"Multiple, Climate, Pesticides, Urbanization",-0.8,9,Hymenoptera,Hymenoptera,Apidae,84,North America,NA,NA,NA,84,hymenoptera,apidae,apidae,NA,NA,NA,NA,NA,NA,NA,hym,-1.6094379124341005,0.1111111111111111,45,Field,0.20239973967464348,0.019601727960332993,0.5781676013453788,-1.4274378138982018,-1.33839937467392,1.409795261168193
H23,2013,2017,2020,Panama,Darien NP,8.0178,-77.7327,Hymenoptera,Apidae,Euglossa championi,Field,Decline,"Multiple, Climate, Pesticides, Urbanization",-0.8500000000000001,8,Hymenoptera,Hymenoptera,Apidae,85,North America,NA,NA,NA,85,hymenoptera,apidae,apidae,NA,NA,NA,NA,NA,NA,NA,hym,-1.897119984885882,0.125,46,Field,0.20239973967464348,0.019601727960332993,0.5781676013453788,-1.4274378138982018,-1.33839937467392,1.409795261168193
H23,2013,2017,2020,Panama,Darien NP,8.0178,-77.7327,Hymenoptera,Apidae,Euglossa turbinifex,Field,Decline,"Multiple, Climate, Pesticides, Urbanization",0.4,7,Hymenoptera,Hymenoptera,Apidae,86,North America,NA,NA,NA,86,hymenoptera,apidae,apidae,NA,NA,NA,NA,NA,NA,NA,hym,0.3364722366212129,0.14285714285714285,47,Field,0.20239973967464348,0.019601727960332993,0.5781676013453788,-1.4274378138982018,-1.33839937467392,1.409795261168193
H23,2013,2017,2020,Panama,Darien NP,8.0178,-77.7327,Hymenoptera,Apidae,Euglossa cognata,Field,Decline,"Multiple, Climate, Pesticides, Urbanization",-0.9,3,Hymenoptera,Hymenoptera,Apidae,87,North America,NA,NA,NA,87,hymenoptera,apidae,apidae,NA,NA,NA,NA,NA,NA,NA,hym,-2.302585092994046,0.3333333333333333,48,Field,0.20239973967464348,0.019601727960332993,0.5781676013453788,-1.4274378138982018,-1.33839937467392,1.409795261168193
H28,2004,2018,2021,USA,Southwestern Michigan,42.6,-86,Hymenoptera,Andrenidae,Andrena carolina,Field,Recovery,NA,-0.972,622,Hymenoptera,Hymenoptera,Andrenidae,94,North America,NA,"Sample_Size and Decline_Value were derived from the study’s supplementary Table S1 (raw specimen counts by sampling period).  The original study reported bee records aggregated into three sampling periods: SP1 (2004–2006), SP2 (2013–2014), and SP3 (2017–2018).  For each species, we extracted the raw count reported for each period (i.e., number of individuals captured/recorded in that period).  Sample_Size (Total N): calculated as the sum of raw counts across all available sampling periods: \text{Sample\_Size} = N_{SP1} + N_{SP2} + N_{SP3}, where N_{SP1}, N_{SP2}, and N_{SP3} are the species-specific counts reported in Table S1.  Decline_Value (period-level change): quantified as the proportional change in raw counts from SP1 to SP2, using SP1 as the baseline: \text{Decline\_Value} = \frac{N_{SP2} - N_{SP1}}{N_{SP1}}, Negative values indicate a decline in counts between SP1 and SP2;  positive values indicate an increase.  Important clarification: This derived “Decline_Value” represents a period-level change in observed counts between SP1 and SP2 and is not the same metric as the paper’s year-to-year “average abundance percent change” visualised in Fig. 7.  We used Table S1 counts because they provide a fully reproducible and directly auditable basis for effect-size derivation without digitising figures.  Edge cases: If N_{SP1}=0, the proportional change is undefined;  such cases should be flagged and handled consistently (e.g., exclude, apply a small continuity correction, or compute an alternative contrast).  In the current dataset, all included species had N_{SP1} > 0.",NA,94,hymenoptera,andrenidae,andrenidae,NA,NA,NA,NA,NA,NA,NA,hym,-3.575550768806932,0.00160771704180064,49,Field,0.8044027909755221,0.20583015377627525,0.39607316951600735,0.48185884544525787,-0.6831866230361099,-0.7328283716141694
H28,2004,2018,2021,USA,Southwestern Michigan,42.6,-86,Hymenoptera,Andrenidae,Andrena carlini,Field,Decline,Climate,-0.978,155,Hymenoptera,Hymenoptera,Andrenidae,95,North America,NA,NA,NA,95,hymenoptera,andrenidae,andrenidae,NA,NA,NA,NA,NA,NA,NA,hym,-3.81671282562382,0.0064516129032258,50,Field,0.8044027909755221,0.20583015377627525,0.39607316951600735,0.48185884544525787,-0.6831866230361099,-0.7328283716141694
H28,2004,2018,2021,USA,Southwestern Michigan,42.6,-86,Hymenoptera,Andrenidae,Andrena imitatrix,Field,Decline,Climate,-0.947,164,Hymenoptera,Hymenoptera,Andrenidae,96,North America,NA,NA,NA,96,hymenoptera,andrenidae,andrenidae,NA,NA,NA,NA,NA,NA,NA,hym,-2.9374633654300166,0.00609756097560975,51,Field,0.8044027909755221,0.20583015377627525,0.39607316951600735,0.48185884544525787,-0.6831866230361099,-0.7328283716141694
H28,2004,2018,2021,USA,Southwestern Michigan,42.6,-86,Hymenoptera,Andrenidae,Andrena crataegi,Field,Decline,Climate,-0.932,78,Hymenoptera,Hymenoptera,Andrenidae,97,North America,NA,NA,NA,97,hymenoptera,andrenidae,andrenidae,NA,NA,NA,NA,NA,NA,NA,hym,-2.688247573806031,0.01282051282051282,52,Field,0.8044027909755221,0.20583015377627525,0.39607316951600735,0.48185884544525787,-0.6831866230361099,-0.7328283716141694
H28,2004,2018,2021,USA,Southwestern Michigan,42.6,-86,Hymenoptera,Andrenidae,Lasioglossum imitatum,Field,Decline,Climate,-0.6849999999999989,193,Hymenoptera,Hymenoptera,Andrenidae,98,North America,NA,NA,NA,98,hymenoptera,andrenidae,andrenidae,NA,NA,NA,NA,NA,NA,NA,hym,-1.1551826401565006,0.00518134715025906,53,Field,0.8044027909755221,0.20583015377627525,0.39607316951600735,0.48185884544525787,-0.6831866230361099,-0.7328283716141694
H28,2004,2018,2021,USA,Southwestern Michigan,42.6,-86,Hymenoptera,Andrenidae,Lasioglossum leucozonium,Field,Decline,Climate,-0.8130000000000001,219,Hymenoptera,Hymenoptera,Andrenidae,99,North America,NA,NA,NA,99,hymenoptera,andrenidae,andrenidae,NA,NA,NA,NA,NA,NA,NA,hym,-1.6766466621275506,0.0045662100456621,54,Field,0.8044027909755221,0.20583015377627525,0.39607316951600735,0.48185884544525787,-0.6831866230361099,-0.7328283716141694
H28,2004,2018,2021,USA,Southwestern Michigan,42.6,-86,Hymenoptera,Andrenidae,Ceratina calcarata,Field,Decline,Climate,-0.6639999999999989,312,Hymenoptera,Hymenoptera,Andrenidae,100,North America,NA,NA,NA,100,hymenoptera,andrenidae,andrenidae,NA,NA,NA,NA,NA,NA,NA,hym,-1.0906441190189295,0.0032051282051282,55,Field,0.8044027909755221,0.20583015377627525,0.39607316951600735,0.48185884544525787,-0.6831866230361099,-0.7328283716141694
H60,1997,2012,2017,Brazil,Atlantic Forest ,-19.1349,-40.0206,Hymenoptera,Apidae,Euglossa carolina,Historical + Field,Increase,NA,0.4700000000000001,1732,Hymenoptera,Hymenoptera,Apidae,119,South America,NA,"Pollinator_Species restricted to the 8 “habitat preferences well-defined” orchid-bee species explicitly compared between Bonilla-Gómez (1996–1997) and the present resurvey (2009) (Tables 2–3).  Sample_Size = total individuals captured in 2009 (present study) from Table 1 “Total” column.  Decline_Value = proportional change in absolute abundance standardised by effort, using mean bees captured per hour (Table 3): (Present mean bees/hour − Bonilla mean bees/hour) / Bonilla mean bees/hour (negative = decline, positive = increase).",NA,119,hymenoptera,apidae,apidae,NA,NA,NA,NA,NA,NA,NA,hym,0.38526240079064505,5.773672055427252e-4,56,Historical + Field,0.7523742358211547,0.0570531717998312,0.5577766265256898,0.31684648158424483,-1.2066328977605665,1.1698637920660797
H60,1997,2012,2017,Brazil,Atlantic Forest ,-19.1349,-40.0206,Hymenoptera,Apidae,Euglossa ignita,Historical + Field,Increase,NA,0.33299999999999996,105,Hymenoptera,Hymenoptera,Apidae,120,South America,NA,NA,NA,120,hymenoptera,apidae,apidae,NA,NA,NA,NA,NA,NA,NA,hym,0.28743204119657156,0.00952380952380952,57,Historical + Field,0.7523742358211547,0.0570531717998312,0.5577766265256898,0.31684648158424483,-1.2066328977605665,1.1698637920660797
H60,1997,2012,2017,Brazil,Atlantic Forest ,-19.1349,-40.0206,Hymenoptera,Apidae,Euglossa mixta,Historical + Field,Increase,NA,3.5,134,Hymenoptera,Hymenoptera,Apidae,121,South America,NA,NA,NA,121,hymenoptera,apidae,apidae,NA,NA,NA,NA,NA,NA,NA,hym,1.5040773967762742,0.00746268656716417,58,Historical + Field,0.7523742358211547,0.0570531717998312,0.5577766265256898,0.31684648158424483,-1.2066328977605665,1.1698637920660797
H60,1997,2012,2017,Brazil,Atlantic Forest ,-19.1349,-40.0206,Hymenoptera,Apidae,Eulaema nigrita,Historical + Field,Decline,Habitat,-0.258,227,Hymenoptera,Hymenoptera,Apidae,122,South America,NA,NA,NA,122,hymenoptera,apidae,apidae,NA,NA,NA,NA,NA,NA,NA,hym,-0.2984060358147566,0.00440528634361233,59,Historical + Field,0.7523742358211547,0.0570531717998312,0.5577766265256898,0.31684648158424483,-1.2066328977605665,1.1698637920660797
H60,1997,2012,2017,Brazil,Atlantic Forest ,-19.1349,-40.0206,Hymenoptera,Apidae,Euglossa cognata,Historical + Field,Decline,Habitat,-0.5710000000000001,28,Hymenoptera,Hymenoptera,Apidae,123,South America,NA,NA,NA,123,hymenoptera,apidae,apidae,NA,NA,NA,NA,NA,NA,NA,hym,-0.8462983600541202,0.03571428571428571,60,Historical + Field,0.7523742358211547,0.0570531717998312,0.5577766265256898,0.31684648158424483,-1.2066328977605665,1.1698637920660797
H60,1997,2012,2017,Brazil,Atlantic Forest ,-19.1349,-40.0206,Hymenoptera,Apidae,Euglossa imperialis,Historical + Field,Decline,Habitat,-0.19,168,Hymenoptera,Hymenoptera,Apidae,124,South America,NA,NA,NA,124,hymenoptera,apidae,apidae,NA,NA,NA,NA,NA,NA,NA,hym,-0.2107210313156525,0.00595238095238095,61,Historical + Field,0.7523742358211547,0.0570531717998312,0.5577766265256898,0.31684648158424483,-1.2066328977605665,1.1698637920660797
H60,1997,2012,2017,Brazil,Atlantic Forest ,-19.1349,-40.0206,Hymenoptera,Apidae,Euglossa marianae,Historical + Field,Increase,Habitat,-0.608,214,Hymenoptera,Hymenoptera,Apidae,125,South America,NA,NA,NA,125,hymenoptera,apidae,apidae,NA,NA,NA,NA,NA,NA,NA,hym,-0.9364934391916744,0.00467289719626168,62,Historical + Field,0.7523742358211547,0.0570531717998312,0.5577766265256898,0.31684648158424483,-1.2066328977605665,1.1698637920660797
H60,1997,2012,2017,Brazil,Atlantic Forest ,-19.1349,-40.0206,Hymenoptera,Apidae,Euglossa roubiki,Historical + Field,Increase,Habitat,-0.389,156,Hymenoptera,Hymenoptera,Apidae,126,South America,NA,NA,NA,126,hymenoptera,apidae,apidae,NA,NA,NA,NA,NA,NA,NA,hym,-0.49265831981054176,0.00641025641025641,63,Historical + Field,0.7523742358211547,0.0570531717998312,0.5577766265256898,0.31684648158424483,-1.2066328977605665,1.1698637920660797
H67,2016,2020,2021,USA,Wyoming,43.075,-107.2903,Hymenoptera,Apidae,Bombus occidentalis,Historical  + Field,Decline,"Multiple, Habitat, Climate, Pathogens",-0.05,103,Hymenoptera,Hymenoptera,Apidae,127,North America,NA,H67:Decline_Value represents the proportional change in predicted highly suitable habitat area for Bombus occidentalis between the historical SDM (1910–2010) and the current SDM (2017–2018).  The paper reports that areas predicted to be highly suitable declined by 5%;  therefore Decline_Value was recorded as −0.05.  This metric reflects habitat suitability change rather than population abundance change.  Sample_Size (103) corresponds to the total number of field sampling sites surveyed in 2017–2018 (including 28 revisited historical locations plus additional new sites),NA,127,hymenoptera,apidae,apidae,NA,NA,NA,NA,NA,NA,NA,hym,-0.05129329438755058,0.00970873786407766,64,Historical + Field,0.17259482832077755,0.05415873710433948,0.4450906647672451,-1.521966267793899,-1.2168164694304653,-0.15606145628359974
H71,2008,2014,2019,USA,Midwest,42.032,-93.581,Hymenoptera,Apidae,Bombus auricomus,Field,Decline,"Multiple, Habitat, Climate, Pathogens",-0.641,39,Hymenoptera,Hymenoptera,Apidae,129,North America,NA,NA,NA,129,hymenoptera,apidae,apidae,NA,NA,NA,NA,NA,NA,NA,hym,-1.0244328904938582,0.02564102564102564,65,Field,0.6417446063993881,0.7277182901651074,0.3911402325987935,-0.034023470690821844,1.1529872069914147,-0.7908720312234367
H71,2008,2014,2019,USA,Midwest,42.032,-93.581,Hymenoptera,Apidae,Bombus bimaculatus,Field,Decline,"Multiple, Habitat, Climate, Pathogens",0.3670000000000001,49,Hymenoptera,Hymenoptera,Apidae,130,North America,NA,NA,NA,130,hymenoptera,apidae,apidae,NA,NA,NA,NA,NA,NA,NA,hym,0.3126185577418125,0.02040816326530612,66,Field,0.6417446063993881,0.7277182901651074,0.3911402325987935,-0.034023470690821844,1.1529872069914147,-0.7908720312234367
H71,2008,2014,2019,USA,Midwest,42.032,-93.581,Hymenoptera,Apidae,Bombus borealis,Field,Decline,"Multiple, Habitat, Climate, Pathogens",-0.5,54,Hymenoptera,Hymenoptera,Apidae,131,North America,NA,NA,NA,131,hymenoptera,apidae,apidae,NA,NA,NA,NA,NA,NA,NA,hym,-0.6931471805599453,0.01851851851851851,67,Field,0.6417446063993881,0.7277182901651074,0.3911402325987935,-0.034023470690821844,1.1529872069914147,-0.7908720312234367
H71,2008,2014,2019,USA,Midwest,42.032,-93.581,Hymenoptera,Apidae,Bombus fervidus,Field,Decline,"Multiple, Habitat, Climate, Pathogens",-0.645,76,Hymenoptera,Hymenoptera,Apidae,132,North America,NA,NA,NA,132,hymenoptera,apidae,apidae,NA,NA,NA,NA,NA,NA,NA,hym,-1.0356374895067213,0.0131578947368421,68,Field,0.6417446063993881,0.7277182901651074,0.3911402325987935,-0.034023470690821844,1.1529872069914147,-0.7908720312234367
H71,2008,2014,2019,USA,Midwest,42.032,-93.581,Hymenoptera,Apidae,Bombus griseocollis,Field,Decline,"Multiple, Habitat, Climate, Pathogens",0.09699999999999998,72,Hymenoptera,Hymenoptera,Apidae,133,North America,NA,NA,NA,133,hymenoptera,apidae,apidae,NA,NA,NA,NA,NA,NA,NA,hym,0.09257918129309316,0.01388888888888888,69,Field,0.6417446063993881,0.7277182901651074,0.3911402325987935,-0.034023470690821844,1.1529872069914147,-0.7908720312234367
H71,2008,2014,2019,USA,Midwest,42.032,-93.581,Hymenoptera,Apidae,Bombus impatiens,Field,Decline,"Multiple, Habitat, Climate, Pathogens",0.30600000000000005,62,Hymenoptera,Hymenoptera,Apidae,134,North America,NA,NA,NA,134,hymenoptera,apidae,apidae,NA,NA,NA,NA,NA,NA,NA,hym,0.26696903085423934,0.01612903225806451,70,Field,0.6417446063993881,0.7277182901651074,0.3911402325987935,-0.034023470690821844,1.1529872069914147,-0.7908720312234367
H71,2008,2014,2019,USA,Midwest,42.032,-93.581,Hymenoptera,Apidae,Bombus pensylvanicus,Field,Increase,"Multiple, Habitat, Climate, Pathogens",-0.978,45,Hymenoptera,Hymenoptera,Apidae,135,North America,NA,NA,NA,135,hymenoptera,apidae,apidae,NA,NA,NA,NA,NA,NA,NA,hym,-3.81671282562382,0.02222222222222222,71,Field,0.6417446063993881,0.7277182901651074,0.3911402325987935,-0.034023470690821844,1.1529872069914147,-0.7908720312234367
H71,2008,2014,2019,USA,Midwest,42.032,-93.581,Hymenoptera,Apidae,Bombus perplexus,Field,Increase,"Multiple, Habitat, Climate, Pathogens",-0.208,53,Hymenoptera,Hymenoptera,Apidae,136,North America,NA,NA,NA,136,hymenoptera,apidae,apidae,NA,NA,NA,NA,NA,NA,NA,hym,-0.2331938871677111,0.01886792452830188,72,Field,0.6417446063993881,0.7277182901651074,0.3911402325987935,-0.034023470690821844,1.1529872069914147,-0.7908720312234367
H71,2008,2014,2019,USA,Midwest,42.032,-93.581,Hymenoptera,Apidae,Bombus ternarius,Field,Increase,"Multiple, Habitat, Climate, Pathogens",-0.067,45,Hymenoptera,Hymenoptera,Apidae,137,North America,NA,NA,NA,137,hymenoptera,apidae,apidae,NA,NA,NA,NA,NA,NA,NA,hym,-0.06935007813479317,0.02222222222222222,73,Field,0.6417446063993881,0.7277182901651074,0.3911402325987935,-0.034023470690821844,1.1529872069914147,-0.7908720312234367
H71,2008,2014,2019,USA,Midwest,42.032,-93.581,Hymenoptera,Apidae,Bombus terricola,Field,Increase,"Multiple, Habitat, Climate, Pathogens",-0.708,72,Hymenoptera,Hymenoptera,Apidae,138,North America,NA,NA,NA,138,hymenoptera,apidae,apidae,NA,NA,NA,NA,NA,NA,NA,hym,-1.231001476713855,0.01388888888888888,74,Field,0.6417446063993881,0.7277182901651074,0.3911402325987935,-0.034023470690821844,1.1529872069914147,-0.7908720312234367
H71,2008,2014,2019,USA,Midwest,42.032,-93.581,Hymenoptera,Apidae,Bombus vagans,Field,Decline,"Multiple, Habitat, Climate, Pathogens",-0.127,79,Hymenoptera,Hymenoptera,Apidae,139,North America,NA,NA,NA,139,hymenoptera,apidae,apidae,NA,NA,NA,NA,NA,NA,NA,hym,-0.13581972314253485,0.01265822784810126,75,Field,0.6417446063993881,0.7277182901651074,0.3911402325987935,-0.034023470690821844,1.1529872069914147,-0.7908720312234367
H137,2003,2017,2020,USA,Mid-Atlantic,39,-77,Hymenoptera,Megachilidae,Osmia atriventris,Field,Decline,Invasives,-0.1277,442,Hymenoptera,Hymenoptera,Megachilidae,168,North America,NA,"H137: Species-level trends were derived from the authors’ GLMMs (negative binomial, log link). Table 1 reports the estimated mean change per year on the original scale (multiplicative factor) and the corresponding percent mean change per year.  To standardise effect sizes across studies, we defined Decline_Value as proportional annual change: Decline_Value = (estimated mean change per year − 1) (e.g., 0.8723 → −0.1277, equivalent to −12.77% per year).  Sample_Size was recorded as n (specimen records) used in each species-level model (Table 1). Only species with n > 50 were included in species-level analyses",NA,168,hymenoptera,megachilidae,megachilidae,NA,NA,NA,NA,NA,NA,NA,hym,-0.13662187754296426,0.00226244343891402,76,Field,0.13907634959536525,0.8708085355119308,0.43838766084202074,-1.6282725719204527,1.6564256749666704,-0.23493270169475203
H137,2003,2017,2020,USA,Mid-Atlantic,39,-77,Hymenoptera,Megachilidae,Osmia bucephala,Field,Decline,Invasives,-0.1226,217,Hymenoptera,Hymenoptera,Megachilidae,169,North America,NA,NA,NA,169,hymenoptera,megachilidae,megachilidae,NA,NA,NA,NA,NA,NA,NA,hym,-0.1307922902500235,0.00460829493087557,77,Field,0.13907634959536525,0.8708085355119308,0.43838766084202074,-1.6282725719204527,1.6564256749666704,-0.23493270169475203
H137,2003,2017,2020,USA,Mid-Atlantic,39,-77,Hymenoptera,Megachilidae,Osmia collinsiae,Field,Decline,Invasives,-0.1366,135,Hymenoptera,Hymenoptera,Megachilidae,170,North America,NA,NA,NA,170,hymenoptera,megachilidae,megachilidae,NA,NA,NA,NA,NA,NA,NA,hym,-0.14687719586075998,0.0074074074074074,78,Field,0.13907634959536525,0.8708085355119308,0.43838766084202074,-1.6282725719204527,1.6564256749666704,-0.23493270169475203
H137,2003,2017,2020,USA,Mid-Atlantic,39,-77,Hymenoptera,Megachilidae,Osmia georgica,Field,Decline,Invasives,-0.09699999999999988,293,Hymenoptera,Hymenoptera,Megachilidae,171,North America,NA,NA,NA,171,hymenoptera,megachilidae,megachilidae,NA,NA,NA,NA,NA,NA,NA,hym,-0.10203272556515149,0.00341296928327645,79,Field,0.13907634959536525,0.8708085355119308,0.43838766084202074,-1.6282725719204527,1.6564256749666704,-0.23493270169475203
H137,2003,2017,2020,USA,Mid-Atlantic,39,-77,Hymenoptera,Megachilidae,Osmia lignaria,Field,Decline,Invasives,-0.1378,76,Hymenoptera,Hymenoptera,Megachilidae,172,North America,NA,NA,NA,172,hymenoptera,megachilidae,megachilidae,NA,NA,NA,NA,NA,NA,NA,hym,-0.14826801666910286,0.0131578947368421,80,Field,0.13907634959536525,0.8708085355119308,0.43838766084202074,-1.6282725719204527,1.6564256749666704,-0.23493270169475203
H137,2003,2017,2020,USA,Mid-Atlantic,39,-77,Hymenoptera,Megachilidae,Osmia pumila,Field,Decline,Invasives,-0.15970000000000004,1588,Hymenoptera,Hymenoptera,Megachilidae,173,North America,NA,NA,NA,173,hymenoptera,megachilidae,megachilidae,NA,NA,NA,NA,NA,NA,NA,hym,-0.1739963080479646,6.297229219143577e-4,81,Field,0.13907634959536525,0.8708085355119308,0.43838766084202074,-1.6282725719204527,1.6564256749666704,-0.23493270169475203
H137,2003,2017,2020,USA,Mid-Atlantic,39,-77,Hymenoptera,Megachilidae,Osmia cornifrons (exotic),Field,Stable,Invasives,0.0084,618,Hymenoptera,Hymenoptera,Megachilidae,174,North America,NA,NA,NA,174,hymenoptera,megachilidae,megachilidae,NA,NA,NA,NA,NA,NA,NA,hym,0.00836491633162767,0.00161812297734627,82,Field,0.13907634959536525,0.8708085355119308,0.43838766084202074,-1.6282725719204527,1.6564256749666704,-0.23493270169475203
H137,2003,2017,2020,USA,Mid-Atlantic,39,-77,Hymenoptera,Megachilidae,Osmia taurus (exotic),Field,Increase,Invasives,0.16990000000000005,2288,Hymenoptera,Hymenoptera,Megachilidae,175,North America,NA,NA,NA,175,hymenoptera,megachilidae,megachilidae,NA,NA,NA,NA,NA,NA,NA,hym,0.15691827507141892,4.3706293706293706e-4,83,Field,0.13907634959536525,0.8708085355119308,0.43838766084202074,-1.6282725719204527,1.6564256749666704,-0.23493270169475203
H165,2009,2009,2010,Greece,Peloponnesus,37.6792,22.0839,Hymenoptera,Apidae,Apis mellifera,Field + Molecular,Decline,"Multiple, Pathogens, Pesticides, Climate",-0.58,37,Hymenoptera,Hymenoptera,Apidae,177,Europe,NA,"H165: This study reports an acute summer colony depopulation event in Greece (Jun–Jul 2009), rather than a multi-year population trend. Decline_Value was extracted as the mean apiary-level loss proportion reported in Table 1 (losses of 70%, 60%, 50%, 50%, and 60% across five apiaries; mean = 58%), and recorded as −0.58 to indicate decline. Sample_Size (37) corresponds to the number of bee samples collected from the five affected apiaries for pathogen/pesticide screening (not the number of apiaries/colonies).",NA,177,hymenoptera,apidae,apidae,NA,NA,NA,NA,NA,NA,NA,hym,-0.867500567704723,0.02702702702702703,84,Field,0.9620286344039458,0.1559406194031805,0.46215318985127474,0.9817807239702036,-0.8587143865947826,0.044705635344112996
H169,1979,1988,1988,Japan,Honshu,36.2048,138.2529,Hymenoptera,Cynipidae,Dryocosmus kuriphilus,Field,Decline,Invasives,-0.4,1102,Hymenoptera,Hymenoptera,Cynipidae,181,Asia,NA,H169: Not orchids pollinator,NA,181,hymenoptera,cynipidae,cynipidae,NA,NA,NA,NA,NA,NA,NA,hym,-0.5108256237659907,9.074410163339384e-4,85,Field,1,0.254274547331113,0.39670915910471677,1.102209684133432,-0.5127433393997995,-0.7253449669362646
H185,1910,2009,2012,USA,Vermont,44.0886,-72.7317,Hymenoptera,Apidae,Bombus affinis,Historical  + Field,Decline,"Multiple, Habitat, Pesticides, Pathogens, Climate",-0.123,205,Hymenoptera,Hymenoptera,Apidae,183,North America,NA,"H185: Decline metric used: Relative-abundance change between historic (1915–1999) and modern subsample (2000–2014, records within ≤5 km of historic localities). Decline_Value was extracted from Table 1 as “RA change (subsample)” = RA(5 km sample) − RA(historic). Negative values indicate a decrease in relative abundance; positive values indicate an increase. Sample size used: Species-level Sample_Size was calculated as n_historic + n_modern(5 km subsample) (Table 1: “Historic collections” + “5 km sample”), consistent with the dataset used to compute RA change (subsample). Why subsample: The modern dataset was subsampled to reduce spatial bias because historic and modern localities differed; the subsample includes only modern collections within ≤5 km of a historic locality (N=5299).",NA,183,hymenoptera,apidae,apidae,NA,NA,NA,NA,NA,NA,NA,hym,-0.13124828660995402,0.0048780487804878,86,Historical + Field,1,0.10686367426091403,0.35890594116830926,1.102209684133432,-1.0313831944191225,-1.1701585031440422
H185,1910,2009,2012,USA,Vermont,44.0886,-72.7317,Hymenoptera,Apidae,Bombus ashtoni,Historical  + Field,Decline,"Multiple, Habitat, Pesticides, Pathogens, Climate",-0.008,14,Hymenoptera,Hymenoptera,Apidae,184,North America,NA,NA,NA,184,hymenoptera,apidae,apidae,NA,NA,NA,NA,NA,NA,NA,hym,-0.00803217169726426,0.07142857142857142,87,Historical + Field,1,0.10686367426091403,0.35890594116830926,1.102209684133432,-1.0313831944191225,-1.1701585031440422
H185,1910,2009,2012,USA,Vermont,44.0886,-72.7317,Hymenoptera,Apidae,Bombus auricomus,Historical  + Field,Stable,NA,0,1,Hymenoptera,Hymenoptera,Apidae,185,North America,NA,NA,NA,185,hymenoptera,apidae,apidae,NA,NA,NA,NA,NA,NA,NA,hym,0,1,88,Historical + Field,1,0.10686367426091403,0.35890594116830926,1.102209684133432,-1.0313831944191225,-1.1701585031440422
H185,1910,2009,2012,USA,Vermont,44.0886,-72.7317,Hymenoptera,Apidae,Bombus bimaculatus,Historical  + Field,Increase,NA,0.08,518,Hymenoptera,Hymenoptera,Apidae,186,North America,NA,NA,NA,186,hymenoptera,apidae,apidae,NA,NA,NA,NA,NA,NA,NA,hym,0.0769610411361284,0.00193050193050193,89,Historical + Field,1,0.10686367426091403,0.35890594116830926,1.102209684133432,-1.0313831944191225,-1.1701585031440422
H185,1910,2009,2012,USA,Vermont,44.0886,-72.7317,Hymenoptera,Apidae,Bombus borealis,Historical  + Field,Increase,NA,0.031,226,Hymenoptera,Hymenoptera,Apidae,187,North America,NA,NA,NA,187,hymenoptera,apidae,apidae,NA,NA,NA,NA,NA,NA,NA,hym,0.03052920503482279,0.00442477876106194,90,Historical + Field,1,0.10686367426091403,0.35890594116830926,1.102209684133432,-1.0313831944191225,-1.1701585031440422
H185,1910,2009,2012,USA,Vermont,44.0886,-72.7317,Hymenoptera,Apidae,Bombus citrinus,Historical  + Field,Decline,"Multiple, Habitat, Pesticides, Pathogens, Climate",-0.025,138,Hymenoptera,Hymenoptera,Apidae,188,North America,NA,NA,NA,188,hymenoptera,apidae,apidae,NA,NA,NA,NA,NA,NA,NA,hym,-0.02531780798428989,0.0072463768115942,91,Historical + Field,1,0.10686367426091403,0.35890594116830926,1.102209684133432,-1.0313831944191225,-1.1701585031440422
H185,1910,2009,2012,USA,Vermont,44.0886,-72.7317,Hymenoptera,Apidae,Bombus fernaldae,Historical  + Field,Decline,"Multiple, Habitat, Pesticides, Pathogens, Climate",-0.001,1,Hymenoptera,Hymenoptera,Apidae,189,North America,NA,NA,NA,189,hymenoptera,apidae,apidae,NA,NA,NA,NA,NA,NA,NA,hym,-0.00100050033358353,1,92,Historical + Field,1,0.10686367426091403,0.35890594116830926,1.102209684133432,-1.0313831944191225,-1.1701585031440422
H185,1910,2009,2012,USA,Vermont,44.0886,-72.7317,Hymenoptera,Apidae,Bombus fervidus,Historical  + Field,Decline,"Multiple, Habitat, Pesticides, Pathogens, Climate",-0.13,331,Hymenoptera,Hymenoptera,Apidae,190,North America,NA,NA,NA,190,hymenoptera,apidae,apidae,NA,NA,NA,NA,NA,NA,NA,hym,-0.13926206733350766,0.00302114803625377,93,Historical + Field,1,0.10686367426091403,0.35890594116830926,1.102209684133432,-1.0313831944191225,-1.1701585031440422
H185,1910,2009,2012,USA,Vermont,44.0886,-72.7317,Hymenoptera,Apidae,Bombus griseocollis,Historical  + Field,Increase,NA,0.021,253,Hymenoptera,Hymenoptera,Apidae,191,North America,NA,NA,NA,191,hymenoptera,apidae,apidae,NA,NA,NA,NA,NA,NA,NA,hym,0.02078253918252841,0.00395256916996047,94,Historical + Field,1,0.10686367426091403,0.35890594116830926,1.102209684133432,-1.0313831944191225,-1.1701585031440422
H185,1910,2009,2012,USA,Vermont,44.0886,-72.7317,Hymenoptera,Apidae,Bombus impatiens,Historical  + Field,Increase,NA,0.036,2059,Hymenoptera,Hymenoptera,Apidae,192,North America,NA,NA,NA,192,hymenoptera,apidae,apidae,NA,NA,NA,NA,NA,NA,NA,hym,0.03536714383729134,4.8567265662943174e-4,95,Historical + Field,1,0.10686367426091403,0.35890594116830926,1.102209684133432,-1.0313831944191225,-1.1701585031440422
H185,1910,2009,2012,USA,Vermont,44.0886,-72.7317,Hymenoptera,Apidae,Bombus pensylvanicus,Historical  + Field,Decline,"Multiple, Habitat, Pesticides, Pathogens, Climate",-0.042,72,Hymenoptera,Hymenoptera,Apidae,193,North America,NA,NA,NA,193,hymenoptera,apidae,apidae,NA,NA,NA,NA,NA,NA,NA,hym,-0.04290750101127655,0.01388888888888888,96,Historical + Field,1,0.10686367426091403,0.35890594116830926,1.102209684133432,-1.0313831944191225,-1.1701585031440422
H185,1910,2009,2012,USA,Vermont,44.0886,-72.7317,Hymenoptera,Apidae,Bombus perplexus,Historical  + Field,Decline,"Multiple, Habitat, Pesticides, Pathogens, Climate",-0.001,103,Hymenoptera,Hymenoptera,Apidae,194,North America,NA,NA,NA,194,hymenoptera,apidae,apidae,NA,NA,NA,NA,NA,NA,NA,hym,-0.00100050033358353,0.00970873786407766,97,Historical + Field,1,0.10686367426091403,0.35890594116830926,1.102209684133432,-1.0313831944191225,-1.1701585031440422
H185,1910,2009,2012,USA,Vermont,44.0886,-72.7317,Hymenoptera,Apidae,Bombus rufocinctus,Historical  + Field,Increase,NA,0.006,80,Hymenoptera,Hymenoptera,Apidae,195,North America,NA,NA,NA,195,hymenoptera,apidae,apidae,NA,NA,NA,NA,NA,NA,NA,hym,0.00598207167754746,0.0125,98,Historical + Field,1,0.10686367426091403,0.35890594116830926,1.102209684133432,-1.0313831944191225,-1.1701585031440422
H185,1910,2009,2012,USA,Vermont,44.0886,-72.7317,Hymenoptera,Apidae,Bombus sandersoni,Historical  + Field,Decline,"Multiple, Habitat, Pesticides, Pathogens, Climate",-0.003,25,Hymenoptera,Hymenoptera,Apidae,196,North America,NA,NA,NA,196,hymenoptera,apidae,apidae,NA,NA,NA,NA,NA,NA,NA,hym,-0.00300450902029872,0.04,99,Historical + Field,1,0.10686367426091403,0.35890594116830926,1.102209684133432,-1.0313831944191225,-1.1701585031440422
H185,1910,2009,2012,USA,Vermont,44.0886,-72.7317,Hymenoptera,Apidae,Bombus ternarius,Historical  + Field,Increase,NA,0.053,871,Hymenoptera,Hymenoptera,Apidae,197,North America,NA,NA,NA,197,hymenoptera,apidae,apidae,NA,NA,NA,NA,NA,NA,NA,hym,0.05164323315183838,0.00114810562571756,100,Historical + Field,1,0.10686367426091403,0.35890594116830926,1.102209684133432,-1.0313831944191225,-1.1701585031440422
H185,1910,2009,2012,USA,Vermont,44.0886,-72.7317,Hymenoptera,Apidae,Bombus terricola,Historical  + Field,Decline,"Multiple, Habitat, Pesticides, Pathogens, Climate",-0.081,288,Hymenoptera,Hymenoptera,Apidae,198,North America,NA,NA,NA,198,hymenoptera,apidae,apidae,NA,NA,NA,NA,NA,NA,NA,hym,-0.08446915662644996,0.00347222222222222,101,Historical + Field,1,0.10686367426091403,0.35890594116830926,1.102209684133432,-1.0313831944191225,-1.1701585031440422
H185,1910,2009,2012,USA,Vermont,44.0886,-72.7317,Hymenoptera,Apidae,Bombus vagans,Historical  + Field,Increase,NA,0.188,1783,Hymenoptera,Hymenoptera,Apidae,199,North America,NA,NA,NA,199,hymenoptera,apidae,apidae,NA,NA,NA,NA,NA,NA,NA,hym,0.1722712209404531,5.608524957936063e-4,102,Historical + Field,1,0.10686367426091403,0.35890594116830926,1.102209684133432,-1.0313831944191225,-1.1701585031440422
H237,2006,2007,2010,India,"Mysore District, Karnataka",12.1826,76.38589999999999,Hymenoptera,Apidae,Apis dorsata,Field,Decline,"Multiple, Habitat, Pesticides",-0.1,37,Hymenoptera,Hymenoptera,Apidae,205,Asia,NA,"H237: Species-level Sample_Size was taken from Table 1 totals (total colonies recorded across months during 2006–2008: A. dorsata = 37, A. florea = 25, T. iridipennis = 66), representing cumulative monthly colony counts rather than independent replicates.  Decline_Value represents the total percent decline in colony density from 2007–2008 as summarised in the text describing Figure 5 (A. florea = 16% decline; T. iridipennis = 15% decline).  For A. dorsata, the paper reports a decline ‘in excess of 10%’ (exact value not stated);  a conservative value of 10% was recorded (−0.10) as a lower-bound approximation.",NA,205,hymenoptera,apidae,apidae,NA,NA,NA,NA,NA,NA,NA,hym,-0.10536051565782628,0.02702702702702703,103,Field,0.7756658097017642,0.4829524784754013,0.6256756108939409,0.39071740982123976,0.2918207106232461,1.9688007342217648
H237,2006,2007,2010,India,"Mysore District, Karnataka",12.1826,76.38589999999999,Hymenoptera,Apidae,Apis florea,Field,Decline,"Multiple, Habitat, Pesticides",-0.16,25,Hymenoptera,Hymenoptera,Apidae,206,Asia,NA,NA,NA,206,hymenoptera,apidae,apidae,NA,NA,NA,NA,NA,NA,NA,hym,-0.1743533871447778,0.04,104,Field,0.7756658097017642,0.4829524784754013,0.6256756108939409,0.39071740982123976,0.2918207106232461,1.9688007342217648
H237,2006,2007,2010,India,"Mysore District, Karnataka",12.1826,76.38589999999999,Hymenoptera,Apidae,Trigona iridipennis,Field,Decline,"Multiple, Habitat, Pesticides",-0.15000000000000002,66,Hymenoptera,Hymenoptera,Apidae,207,Asia,NA,NA,NA,207,hymenoptera,apidae,apidae,NA,NA,NA,NA,NA,NA,NA,hym,-0.16251892949777494,0.01515151515151515,105,Field,0.7756658097017642,0.4829524784754013,0.6256756108939409,0.39071740982123976,0.2918207106232461,1.9688007342217648
H926,1981,2015,2018,Brazil,"Curitiba, Paraná",-25.4469,-49.2359,Hymenoptera,Apidae,Multiple (Bombus bellicosus; B. morio; Gaesischia fulgurans; Thectochlora basiatra),Historical  + Field,Decline,"Multiple, Climate, Urbanization",-0.37,2332,Hymenoptera,Hymenoptera,Apidae,235,South America,NA,"H926: This study quantified assemblage-level change in the bee community at a single urban site by repeating standardized sampling in two time windows separated by 34 years (1981 vs 2015).  The authors reported total bee abundance and species richness for each period (1981: 1439 individuals, 112 species; 2015: 893 individuals, 63 species).  Because species-level population trends were not reported as quantitative effect sizes in the main text (species-specific details are provided qualitatively and/or in supplementary materials), this record was coded as Multiple species (bee assemblage).  Decline_Value was calculated as the proportional change in total individuals between periods: (893 − 1439) / 1439 = −0.379 (rounded to −0.37), representing a 37% decline in overall bee abundance.  Sample_Size was defined as the total number of individuals contributing to this assemblage comparison across both periods: 1439 + 893 = 2332.  This effect size reflects a snapshot comparison of assemblage abundance rather than a continuous multi-year trend, and it represents changes in total captured individuals under the sampling design used in each period.",NA,235,hymenoptera,apidae,apidae,NA,NA,NA,NA,NA,NA,NA,hym,-0.4620354595965587,4.288164665523156e-4,106,Historical + Field,0.9314186432866881,0.9521494558221336,0.4977985254567196,0.8846989007860496,1.9426097415703059,0.4641283365184698
H1077,1930,2010,2013,Denmark,Zealand (Red clover fields),55.4,11.8,Hymenoptera,Apidae,Bombus distinguendus,Historical  + Field,Decline,"Multiple, Habitat, Pesticides",-0.9,211,Hymenoptera,Hymenoptera,Apidae,249,Europe,NA,"H1077: Species-level Decline_Value was derived from Fig. 3 (species composition change; abundance expressed as bees m⁻²) by digitising the Past and Present bar/line endpoints for each species in early, mid, and late flowering season using WebPlotDigitizer. For each season, the proportional change in abundance was calculated as:  d = \frac{Present - Past}{Past. Season-specific values d_{early}, d_{mid}, and d_{late} were then combined into a single species-level metric using an unweighted mean across seasons: Decline\_Value = \frac{d_{early} + d_{mid} + d_{late}}{3. Thus, Decline_Value represents the average percentage change in area-corrected abundance from Past to Present across the three flowering-season windows (negative values indicate declines; positive values indicate increases). Sample_Size was recorded as a study-level sampling-effort proxy rather than a species-specific replicate number, because the paper does not report the number of independent sampling units per species and per season. Following the study’s aggregation of observations into field-day “records,” Sample_Size was set to the total number of records contributing to the Past vs Present comparison (past = 70; present = 141; total = 211), which reflects overall sampling intensity for this study-level contrast.",NA,249,hymenoptera,apidae,apidae,NA,NA,NA,NA,NA,NA,NA,hym,-2.302585092994046,0.00473933649289099,107,Historical + Field,0.2417943047708189,0.658749671847352,0.43559885983208557,-1.3024950725418567,0.9103329613431335,-0.26774727428208694
H1077,1930,2010,2013,Denmark,Zealand (Red clover fields),55.4,11.8,Hymenoptera,Apidae,Bombus hortorum,Historical  + Field,Decline,"Multiple, Habitat, Pesticides",-0.9,211,Hymenoptera,Hymenoptera,Apidae,250,Europe,NA,NA,NA,250,hymenoptera,apidae,apidae,NA,NA,NA,NA,NA,NA,NA,hym,-2.302585092994046,0.00473933649289099,108,Historical + Field,0.2417943047708189,0.658749671847352,0.43559885983208557,-1.3024950725418567,0.9103329613431335,-0.26774727428208694
H1077,1930,2010,2013,Denmark,Zealand (Red clover fields),55.4,11.8,Hymenoptera,Apidae,Bombus muscorum,Historical  + Field,Decline,"Multiple, Habitat, Pesticides",-0.95,211,Hymenoptera,Hymenoptera,Apidae,251,Europe,NA,NA,NA,251,hymenoptera,apidae,apidae,NA,NA,NA,NA,NA,NA,NA,hym,-2.995732273553992,0.00473933649289099,109,Historical + Field,0.2417943047708189,0.658749671847352,0.43559885983208557,-1.3024950725418567,0.9103329613431335,-0.26774727428208694
H1077,1930,2010,2013,Denmark,Zealand (Red clover fields),55.4,11.8,Hymenoptera,Apidae,Bombus pascuorum,Historical  + Field,Decline,"Multiple, Habitat, Pesticides",2.5,211,Hymenoptera,Hymenoptera,Apidae,252,Europe,NA,NA,NA,252,hymenoptera,apidae,apidae,NA,NA,NA,NA,NA,NA,NA,hym,1.252762968495368,0.00473933649289099,110,Historical + Field,0.2417943047708189,0.658749671847352,0.43559885983208557,-1.3024950725418567,0.9103329613431335,-0.26774727428208694
H1077,1930,2010,2013,Denmark,Zealand (Red clover fields),55.4,11.8,Hymenoptera,Apidae,Bombus ruderarius,Historical  + Field,Increase,"Multiple, Habitat, Pesticides",-0.8,211,Hymenoptera,Hymenoptera,Apidae,253,Europe,NA,NA,NA,253,hymenoptera,apidae,apidae,NA,NA,NA,NA,NA,NA,NA,hym,-1.6094379124341005,0.00473933649289099,111,Historical + Field,0.2417943047708189,0.658749671847352,0.43559885983208557,-1.3024950725418567,0.9103329613431335,-0.26774727428208694
H1077,1930,2010,2013,Denmark,Zealand (Red clover fields),55.4,11.8,Hymenoptera,Apidae,Bombus sylvarum,Historical  + Field,Decline,"Multiple, Habitat, Pesticides",-0.8500000000000001,211,Hymenoptera,Hymenoptera,Apidae,255,Europe,NA,NA,NA,255,hymenoptera,apidae,apidae,NA,NA,NA,NA,NA,NA,NA,hym,-1.897119984885882,0.00473933649289099,112,Historical + Field,0.2417943047708189,0.658749671847352,0.43559885983208557,-1.3024950725418567,0.9103329613431335,-0.26774727428208694
H1077,1930,2010,2013,Denmark,Zealand (Red clover fields),55.4,11.8,Hymenoptera,Apidae,Bombus veteranus,Historical  + Field,Decline,"Multiple, Habitat, Pesticides",-0.7,211,Hymenoptera,Hymenoptera,Apidae,256,Europe,NA,NA,NA,256,hymenoptera,apidae,apidae,NA,NA,NA,NA,NA,NA,NA,hym,-1.203972804325936,0.00473933649289099,113,Historical + Field,0.2417943047708189,0.658749671847352,0.43559885983208557,-1.3024950725418567,0.9103329613431335,-0.26774727428208694
H1077,1930,2010,2013,Denmark,Zealand (Red clover fields),55.4,11.8,Hymenoptera,Apidae,Bombus lapidarius,Historical  + Field,Stable,"Multiple, Habitat, Pesticides",2.7,211,Hymenoptera,Hymenoptera,Apidae,258,Europe,NA,NA,NA,258,hymenoptera,apidae,apidae,NA,NA,NA,NA,NA,NA,NA,hym,1.308332819650179,0.00473933649289099,114,Historical + Field,0.2417943047708189,0.658749671847352,0.43559885983208557,-1.3024950725418567,0.9103329613431335,-0.26774727428208694
H1077,1930,2010,2013,Denmark,Zealand (Red clover fields),55.4,11.8,Hymenoptera,Apidae,Bombus pratorum,Historical  + Field,Stable,"Multiple, Habitat, Pesticides",-0.1,211,Hymenoptera,Hymenoptera,Apidae,259,Europe,NA,NA,NA,259,hymenoptera,apidae,apidae,NA,NA,NA,NA,NA,NA,NA,hym,-0.10536051565782628,0.00473933649289099,115,Historical + Field,0.2417943047708189,0.658749671847352,0.43559885983208557,-1.3024950725418567,0.9103329613431335,-0.26774727428208694
H1077,1930,2010,2013,Denmark,Zealand (Red clover fields),55.4,11.8,Hymenoptera,Apidae,Bombus terrestris,Historical  + Field,Decline,"Multiple, Habitat, Pesticides",-0.22,211,Hymenoptera,Hymenoptera,Apidae,260,Europe,NA,NA,NA,260,hymenoptera,apidae,apidae,NA,NA,NA,NA,NA,NA,NA,hym,-0.2484613592984996,0.00473933649289099,116,Historical + Field,0.2417943047708189,0.658749671847352,0.43559885983208557,-1.3024950725418567,0.9103329613431335,-0.26774727428208694
H1341,1978,2014,2020,Japan,Nationwide,36.2048,138.2529,Hymenoptera,Apidae,Bombus diversus,Historical  + Field,Decline,"Multiple, Climate, Habitat",-0.0845,563,Hymenoptera,Hymenoptera,Apidae,266,Asia,NA,"H1341: Decline_Value was extracted from Table 2 as the percentage difference (Δ) in estimated suitable area between present (presD-CL: 2004–2013 climate + 2014 land cover) and past (pastD-CL: 1978–1987 climate + 1987 land cover). We used the EETO threshold (“equate entropy of thresholded and original distribution”), which the authors described as an intermediate threshold and used for their main range-shift visualisations. Decline_Value was recorded as a proportion (Δ/100), where negative values indicate range contraction and positive values indicate range expansion. Sample_Size was defined as the number of unique occurrence points used for modelling after removing duplicate records within 1 km × 1 km grid cells (reported in Methods): 563 (B. diversus), 397 (B. ardens), 251 (B. hypocrita), 192 (B. ignitus), 139 (B. honshuensis), and 70 (B. beaticola).",NA,266,hymenoptera,apidae,apidae,NA,NA,NA,NA,NA,NA,NA,hym,-0.08828491486757167,0.00177619893428063,117,Historical + Field,1,0.254274547331113,0.39670915910471677,1.102209684133432,-0.5127433393997995,-0.7253449669362646
H1341,1978,2014,2020,Japan,Nationwide,43.4397,143.118,Hymenoptera,Apidae,Bombus ardens,Historical  + Field,Increase,"Multiple, Climate, Habitat",0.08719999999999999,397,Hymenoptera,Hymenoptera,Apidae,267,Asia,NA,NA,NA,267,hymenoptera,apidae,apidae,NA,NA,NA,NA,NA,NA,NA,hym,0.08360558385479686,0.00251889168765743,118,Historical + Field,1,0.023122644257697764,0.3292649180024913,1.102209684133432,-1.3260116350183055,-1.5189311487263168
H1341,1978,2014,2020,Japan,Nationwide,43.4397,143.118,Hymenoptera,Apidae,Bombus hypocrita,Historical  + Field,Decline,"Multiple, Climate, Habitat",-0.238,251,Hymenoptera,Hymenoptera,Apidae,268,Asia,NA,NA,NA,268,hymenoptera,apidae,apidae,NA,NA,NA,NA,NA,NA,NA,hym,-0.2718087232954908,0.00398406374501992,119,Historical + Field,1,0.023122644257697764,0.3292649180024913,1.102209684133432,-1.3260116350183055,-1.5189311487263168
H1341,1978,2014,2020,Japan,Nationwide,33.7172,133.32160000000002,Hymenoptera,Apidae,Bombus ignitus,Historical  + Field,Decline,"Multiple, Climate, Habitat",-0.24900000000000003,192,Hymenoptera,Hymenoptera,Apidae,269,Asia,NA,NA,NA,269,hymenoptera,apidae,apidae,NA,NA,NA,NA,NA,NA,NA,hym,-0.28634962721800233,0.00520833333333333,120,Historical + Field,0.019996211544290512,0.15881161729764406,0.4220715737893498,-2.00594392970472,-0.848613273286565,-0.42691679128154997
H1341,1978,2014,2020,Japan,Nationwide,33.7172,133.32160000000002,Hymenoptera,Apidae,Bombus honshuensis,Historical  + Field,Decline,"Multiple, Climate, Habitat",-0.241,139,Hymenoptera,Hymenoptera,Apidae,270,Asia,NA,NA,NA,270,hymenoptera,apidae,apidae,NA,NA,NA,NA,NA,NA,NA,hym,-0.27575350158650713,0.00719424460431654,121,Historical + Field,0.019996211544290512,0.15881161729764406,0.4220715737893498,-2.00594392970472,-0.848613273286565,-0.42691679128154997
H1341,1978,2014,2020,Japan,Nationwide,36.2048,138.2529,Hymenoptera,Apidae,Bombus beaticola,Historical  + Field,Increase,NA,-0.495,70,Hymenoptera,Hymenoptera,Apidae,271,Asia,NA,NA,NA,271,hymenoptera,apidae,apidae,NA,NA,NA,NA,NA,NA,NA,hym,-0.6831968497067772,0.01428571428571428,122,Historical + Field,1,0.254274547331113,0.39670915910471677,1.102209684133432,-0.5127433393997995,-0.7253449669362646
D4,1974,2014,2020,UK,"Hertfordshire (Rothamsted, Harpenden)",51.806999999999995,-0.3601,Diptera,Multiple,Multiple ( Phoridae / Bibionidae / Chloropidae / Sphaeroceridae),Field,Decline,Climate,-0.37,436,Diptera,Diptera,Phoridae,12,Europe,NA,"D4：This study quantified long-term changes in Diptera abundance at a single Rothamsted suction-trap site (UK) from 1974 to 2014 using a subsampling design (samples collected daily but analysed via a structured subsampling across years/days within April–September).   The paper reports a community-level trend for “flies” rather than species- or family-specific trends. We therefore coded the pollinator taxon as Diptera (community-level / multiple families) and extracted the overall April–September abundance change reported by the authors: 37% decrease over the study period, recorded as Decline_Value = −0.37 (percentage scale).   The model-based results were fitted with a beta negative binomial GAM; the sample size was taken as the number of observations used in the model fit (N = 436), as explicitly reported in the model summary.   Family names mentioned in the discussion (e.g., Phoridae, Bibionidae, Sphaeroceridae, Chloropidae) describe dominant taxa/life histories but do not provide family-specific decline estimates; thus they were not entered as separate taxa-level records.",NA,12,diptera,multiple,phoridae,Coelopidae,NA,NA,NA,NA,NA,NA,dip,-0.4620354595965587,0.00229357798165137,123,Field,1,0.6864832581344106,0.4343211119876744,1.102209684133432,1.007908824449488,-0.2827819609590381
D7,2000,2019,2021,Brazil,"Upper Paraná River floodplain, Paraná State",-22,-53.5,Diptera,Dolichopodidae,NA,Field,Decline,"Multiple, Invasives, Climate",-0.779999999999999,240,Diptera,Diptera,Bibionidae,13,Europe,NA,"D7: Sample size (N): The study sampled 12 aquatic environments (rivers/lakes/channels/backwater) across 20 years (2000–2019). For the temporal trend models and figures, abundance is presented as annual time series per environment; thus, we defined Sample_Size = 20 years × 12 environments = 240 observations per family for comparability across taxa and consistency with the year-based GAMM framework. xaDecline metric: The paper reports significant temporal trends for Diptera families (via GAMM test statistics; Table 1) and visualises trajectories in the supplementary figures (e.g., Fig. S1), but does not provide explicit numerical percentage decline values in the main text. Therefore, Decline_Value in our database is treated as a derived percentage change (not directly reported), intended to quantify the magnitude of decline shown in figures/model fits. (If needed for full reproducibility, the decline magnitude should be recalculated from digitised fitted curves or the underlying dataset using a fixed rule, e.g., (Pred_end − Pred_start) / Pred_start based on GAM/GAMM fitted values.)",NA,13,diptera,dolichopodidae,bibionidae,Dixidae,NA,NA,NA,NA,NA,NA,dip,-1.514127732629771,0.00416666666666666,124,Field,0.5578822522851129,0.21082894269835922,0.566470841844531,-0.2999990537199476,-0.6655992422152446,1.272164730230422
D7,2000,2019,2021,Brazil,"Upper Paraná River floodplain, Paraná State",-22,-53.5,Diptera,Chaoboridae,NA,Field,Decline,"Multiple, Invasives, Climate",-0.64,240,Diptera,Diptera,Chloropidae,14,Europe,NA,NA,NA,14,diptera,chaoboridae,chloropidae,Drosophilidae,NA,NA,NA,NA,NA,NA,dip,-1.0216512475319814,0.00416666666666666,125,Field,0.5578822522851129,0.21082894269835922,0.566470841844531,-0.2999990537199476,-0.6655992422152446,1.272164730230422
D7,2000,2019,2021,Brazil,"Upper Paraná River floodplain, Paraná State",-22,-53.5,Diptera,Ceratopogonidae,NA,Field,Decline,"Multiple, Invasives, Climate",-0.659999999999999,240,Diptera,Diptera,Ceratopogonidae,15,South America,NA,NA,NA,15,diptera,ceratopogonidae,ceratopogonidae,Empididae,NA,NA,NA,NA,NA,NA,dip,-1.0788096613719271,0.00416666666666666,126,Field,0.5578822522851129,0.21082894269835922,0.566470841844531,-0.2999990537199476,-0.6655992422152446,1.272164730230422
D7,2000,2019,2021,Brazil,"Upper Paraná River floodplain, Paraná State",-22,-53.5,Diptera,Culicidae,NA,Field,Decline,"Multiple, Invasives, Climate",-0.62,240,Diptera,Diptera,Culicidae,16,South America,NA,NA,NA,16,diptera,culicidae,culicidae,Fanniidae,NA,NA,NA,NA,NA,NA,dip,-0.9675840262617056,0.00416666666666666,127,Field,0.5578822522851129,0.21082894269835922,0.566470841844531,-0.2999990537199476,-0.6655992422152446,1.272164730230422
D7,2000,2019,2021,Brazil,"Upper Paraná River floodplain, Paraná State",-22,-53.5,Diptera,Chironomidae,NA,Field,Decline,"Multiple, Invasives, Climate",-0.58,240,Diptera,Diptera,Chironomidae,17,South America,NA,NA,NA,17,diptera,chironomidae,chironomidae,Heleomyzidae,NA,NA,NA,NA,NA,NA,dip,-0.867500567704723,0.00416666666666666,128,Field,0.5578822522851129,0.21082894269835922,0.566470841844531,-0.2999990537199476,-0.6655992422152446,1.272164730230422
D9,2008,2009,2012,UK,"Strathspey, Scotland",57.3,-3.65,Diptera,Syrphidae,Blera fallax,Molecular,Decline,Habitat,-0.9997,17,Diptera,Diptera,Syrphidae,18,Europe,NA,"D9: Decline_Value was derived from the posterior mode estimates of effective population sizes reported in Table 2 (MSVAR analysis), where N0 is the contemporary effective population size and N1 is the ancestral effective population size. We quantified proportional change as Decline_Value = (N0 − N1) / N1, expressed as a percentage change (negative values indicate declines). Using Table 2 values, Scotland: N0 = 12, N1 = 47,567 → Decline_Value = −0.9997; Sweden: N0 = 80, N1 = 31,169 → Decline_Value = −0.9974. Sample_Size represents the number of individuals genotyped per population: 17 individuals for Scotland and 23 individuals for Sweden (22 larvae + 1 adult). Two separate rows were retained because the study reports population-specific demographic estimates for Scotland and Sweden.",NA,18,diptera,syrphidae,syrphidae,Hybotidae,NA,NA,NA,NA,NA,NA,dip,-8.111728083308183,0.0588235294117647,129,NA,0,0.3347081795918039,0.3889752169891362,-2.069363375534003,-0.2297514100697527,-0.8163468003527927
D9,2008,2009,2012,Sweden,Järfälla,59.4,17.87,Diptera,Syrphidae,Blera fallax,Molecular,Decline,Habitat,-0.997399999999999,23,Diptera,Diptera,Syrphidae,19,Europe,NA,NA,NA,19,diptera,syrphidae,syrphidae,Keroplatidae,NA,NA,NA,NA,NA,NA,dip,-5.952243833954299,0.04347826086956521,130,NA,0,0.7802892002787862,0.40145723463255323,-2.069363375534003,1.3379489308569814,-0.6694764885101326
D13,1979,1984,1985,USA,"Central Florida (Lake Monroe, Seminole County)",28.811100000000003,-81.2656,Diptera,Chironomidae,Multiple (Chironomidae community),Field,Decline,"Multiple, Climate, Habitat",-0.8,4,Diptera,Diptera,Chironomidae,20,North America,NA,"D13: This study monitored nuisance Chironomidae in an urban area of central Florida from 1979 to 1984 using both larval and adult surveys.  The authors explicitly report a community-level decline, stating that total midge larvae decreased by ~80% in 1983 relative to 1979;  therefore, we recorded Decline_Value = -0.80 using our percentage-change convention Because the paper focuses on overall changes in Chironomidae populations (rather than providing consistent species-specific percent declines), we treated this record as Multiple (Chironomidae community).  The authors note that the reduction was mainly associated with Glyptotendipes paripes and, secondarily, Chironomus crassicaudatus, but these are discussed as contributors to the overall decline rather than separate effect sizes.Sample_Size = 4 corresponds to the number of New Jersey light traps used for the adult monitoring component, which provides the independent sampling units for the “present vs past” comparison in this record.",NA,20,diptera,chironomidae,chironomidae,Lauxaniidae,NA,NA,NA,NA,NA,NA,dip,-1.6094379124341005,0.25,131,Field,0.3606971942672432,0.5042498990509033,0.5551987653981957,-0.92538587149838325,0.3667520293890187,1.1395312546111425
D31,1980,2020,2021,Germany,Bavaria,48.790400000000005,11.4979,Diptera,Syrphidae,Helophilus pendulus,Field,Decline,"Multiple, Habitat, Climate, Pesticides",-0.8540000000000001,933,Diptera,Diptera,Chironomidae,21,North America,NA,"D31: Sample size was taken directly from Table 1 (“Ten most abundant spp”), where Indiv is defined as the number of individuals recorded for each focal species across the monitoring period. Annual abundance trends for each species were also extracted from Table 1 as the reported mean annual abundance change (% per year) for 1982–2021, estimated from regression analyses (year slope). To standardise effect sizes as proportional change over the full study period, we converted the annual rate r to an overall proportional change using compound change:Decline\_Value = (1+r)^{T} - 1, where r is the annual change expressed as a proportion (percent/100) and T is the length of the period (1982–2021). Decline_Value is reported as a proportion (e.g., -0.854 corresponds to an 85.4% decline).",NA,21,diptera,syrphidae,chironomidae,Muscidae,NA,NA,NA,NA,NA,NA,dip,-1.9241486572738016,0.00107181136120042,132,Field,0.5647223565896964,0.7035412007780107,0.4372317860496759,-0.27830516318221543,1.0679242677837915,-0.24853336274591564
D31,1980,2020,2021,Germany,Bavaria,48.790400000000005,11.4979,Diptera,Syrphidae,Episyrphus balteatus,Field,Decline,"Multiple, Habitat, Climate, Pesticides",-0.214,931,Diptera,Diptera,Chironomidae,22,North America,NA,NA,NA,22,diptera,syrphidae,chironomidae,Mycetophilidae,NA,NA,NA,NA,NA,NA,dip,-0.24079848655293049,0.00107411385606874,133,Field,0.5647223565896964,0.7035412007780107,0.4372317860496759,-0.27830516318221543,1.0679242677837915,-0.24853336274591564
D31,1980,2020,2021,Germany,Bavaria,48.790400000000005,11.4979,Diptera,Syrphidae,Syrphus ribesii,Field,Decline,"Multiple, Habitat, Climate, Pesticides",-0.8410000000000001,672,Diptera,Diptera,Chironomidae,23,North America,NA,NA,NA,23,diptera,syrphidae,chironomidae,Nemestrinidae,NA,NA,NA,NA,NA,NA,dip,-1.838851076761906,0.00148809523809523,134,Field,0.5647223565896964,0.7035412007780107,0.4372317860496759,-0.27830516318221543,1.0679242677837915,-0.24853336274591564
D31,1980,2020,2021,Germany,Bavaria,48.790400000000005,11.4979,Diptera,Syrphidae,Parasyrphus punctulatus,Field,Decline,"Multiple, Habitat, Climate, Pesticides",-0.408,609,Diptera,Diptera,Syrphidae,24,Europe,NA,NA,NA,24,diptera,syrphidae,syrphidae,Phoridae,NA,NA,NA,NA,NA,NA,dip,-0.5242486440981314,0.00164203612479474,135,Field,0.5647223565896964,0.7035412007780107,0.4372317860496759,-0.27830516318221543,1.0679242677837915,-0.24853336274591564
D31,1980,2020,2021,Germany,Bavaria,48.790400000000005,11.4979,Diptera,Syrphidae,Syrphus torvus,Field,Decline,"Multiple, Habitat, Climate, Pesticides",-0.987,533,Diptera,Diptera,Syrphidae,25,Europe,NA,NA,NA,25,diptera,syrphidae,syrphidae,Platystomatidae,NA,NA,NA,NA,NA,NA,dip,-4.3428059215206,0.00187617260787992,136,Field,0.5647223565896964,0.7035412007780107,0.4372317860496759,-0.27830516318221543,1.0679242677837915,-0.24853336274591564
D31,1980,2020,2021,Germany,Bavaria,48.790400000000005,11.4979,Diptera,Syrphidae,Eristalis pertinax,Field,Decline,"Multiple, Habitat, Climate, Pesticides",-0.5720000000000001,521,Diptera,Diptera,Syrphidae,26,Europe,NA,NA,NA,26,diptera,syrphidae,syrphidae,Polleniidae,NA,NA,NA,NA,NA,NA,dip,-0.8486320834003405,0.0019193857965451,137,Field,0.5647223565896964,0.7035412007780107,0.4372317860496759,-0.27830516318221543,1.0679242677837915,-0.24853336274591564
D31,1980,2020,2021,Germany,Bavaria,48.790400000000005,11.4979,Diptera,Syrphidae,Meliscaeva cinctella,Field,Decline,"Multiple, Habitat, Climate, Pesticides",-0.5720000000000001,519,Diptera,Diptera,Syrphidae,27,Europe,NA,NA,NA,27,diptera,syrphidae,syrphidae,Psychodidae,NA,NA,NA,NA,NA,NA,dip,-0.8486320834003405,0.00192678227360308,138,Field,0.5647223565896964,0.7035412007780107,0.4372317860496759,-0.27830516318221543,1.0679242677837915,-0.24853336274591564
D31,1980,2020,2021,Germany,Bavaria,48.790400000000005,11.4979,Diptera,Syrphidae,Melanostoma scalare,Field,Decline,"Multiple, Habitat, Climate, Pesticides",-0.739,465,Diptera,Diptera,Syrphidae,28,Europe,NA,NA,NA,28,diptera,syrphidae,syrphidae,Rhagionidae,NA,NA,NA,NA,NA,NA,dip,-1.3432348716594436,0.0021505376344086,139,Field,0.5647223565896964,0.7035412007780107,0.4372317860496759,-0.27830516318221543,1.0679242677837915,-0.24853336274591564
D31,1980,2020,2021,Germany,Bavaria,48.790400000000005,11.4979,Diptera,Syrphidae,Meligramma cincta,Field,Decline,"Multiple, Habitat, Climate, Pesticides",-0.739,275,Diptera,Diptera,Syrphidae,29,Europe,NA,NA,NA,29,diptera,syrphidae,syrphidae,Richardidae,NA,NA,NA,NA,NA,NA,dip,-1.3432348716594436,0.00363636363636363,140,Field,0.5647223565896964,0.7035412007780107,0.4372317860496759,-0.27830516318221543,1.0679242677837915,-0.24853336274591564
D31,1980,2020,2021,Germany,Bavaria,48.790400000000005,11.4979,Diptera,Syrphidae,Dasysyrphus venustus,Field,Decline,"Multiple, Habitat, Climate, Pesticides",-0.975,237,Diptera,Diptera,Syrphidae,30,Europe,NA,NA,NA,30,diptera,syrphidae,syrphidae,Sarcophagidae,NA,NA,NA,NA,NA,NA,dip,-3.6888794541139354,0.00421940928270042,141,Field,0.5647223565896964,0.7035412007780107,0.4372317860496759,-0.27830516318221543,1.0679242677837915,-0.24853336274591564
D40,1970,2022,2024,"Hungary, Slovakia (Carpathian Basin)",Pannonian biogeographic region,47.16250000000001,19.5033,Diptera,Syrphidae,Sphaerophoria scripta,Historical + Field,Decline,"Multiple, Climate, Habitat",-0.969,6844,Diptera,Diptera,Syrphidae,31,Europe,NA,"D40: Species-level trends for Syrphidae were extracted from Table 9. For each species, Sample_Size was recorded as the total number of individuals summed across all six time windows (1980–1984, 1985–1989, 1990–1994, 1995–1999, 2000–2004, 2005–2010). Decline_Value was calculated as the proportional change between the first and last periods using the table counts: Decline\_Value = \frac{N_{2005–2010}-N_{1980–1984}}{N_{1980–1984}}. This is equivalent to (Change − 1), where ‘Change’ is the Table 9 ratio (2005–2010 / 1980–1984). Negative values indicate decline.",NA,31,diptera,syrphidae,syrphidae,Scathophagidae,NA,NA,NA,NA,NA,NA,dip,-3.47376807449699,1.461133839859731e-4,142,Historical + Field,0.8985272982882737,0.4007169188973196,0.4801375229821663,0.7803815970928513,0.0024890093131371494,0.2563192294499797
D40,1970,2022,2024,"Hungary, Slovakia (Carpathian Basin)",Pannonian biogeographic region,47.16250000000001,19.5033,Diptera,Syrphidae,Cheilosia variabilis,Historical + Field,Decline,"Multiple, Climate, Habitat",-0.967,452,Diptera,Diptera,Syrphidae,32,Europe,NA,NA,NA,32,diptera,syrphidae,syrphidae,Scatopsidae,NA,NA,NA,NA,NA,NA,dip,-3.411247717515656,0.00221238938053097,143,Historical + Field,0.8985272982882737,0.4007169188973196,0.4801375229821663,0.7803815970928513,0.0024890093131371494,0.2563192294499797
D40,1970,2022,2024,"Hungary, Slovakia (Carpathian Basin)",Pannonian biogeographic region,47.16250000000001,19.5033,Diptera,Syrphidae,Syrphus torvus,Historical + Field,Decline,"Multiple, Climate, Habitat",-0.958,455,Diptera,Diptera,Syrphidae,33,Europe,NA,NA,NA,33,diptera,syrphidae,syrphidae,Scenopinidae,NA,NA,NA,NA,NA,NA,dip,-3.17008566069877,0.00219780219780219,144,Historical + Field,0.8985272982882737,0.4007169188973196,0.4801375229821663,0.7803815970928513,0.0024890093131371494,0.2563192294499797
D40,1970,2022,2024,"Hungary, Slovakia (Carpathian Basin)",Pannonian biogeographic region,47.16250000000001,19.5033,Diptera,Syrphidae,Syrphus vitripennis,Historical + Field,Decline,"Multiple, Climate, Habitat",-0.943,1425,Diptera,Diptera,Syrphidae,34,Europe,NA,NA,NA,34,diptera,syrphidae,syrphidae,Sciaridae,NA,NA,NA,NA,NA,NA,dip,-2.864704011147588,7.017543859649122e-4,145,Historical + Field,0.8985272982882737,0.4007169188973196,0.4801375229821663,0.7803815970928513,0.0024890093131371494,0.2563192294499797
D40,1970,2022,2024,"Hungary, Slovakia (Carpathian Basin)",Pannonian biogeographic region,47.16250000000001,19.5033,Diptera,Syrphidae,Episyrphus balteatus,Historical + Field,Decline,"Multiple, Climate, Habitat",-0.941,5377,Diptera,Diptera,Syrphidae,35,Europe,NA,NA,NA,35,diptera,syrphidae,syrphidae,Sepsidae,NA,NA,NA,NA,NA,NA,dip,-2.8302178350764184,1.859773107680863e-4,146,Historical + Field,0.8985272982882737,0.4007169188973196,0.4801375229821663,0.7803815970928513,0.0024890093131371494,0.2563192294499797
D40,1970,2022,2024,"Hungary, Slovakia (Carpathian Basin)",Pannonian biogeographic region,47.16250000000001,19.5033,Diptera,Syrphidae,Melanostoma mellinum,Historical + Field,Decline,"Multiple, Climate, Habitat",-0.936,3314,Diptera,Diptera,Syrphidae,36,Europe,NA,NA,NA,36,diptera,syrphidae,syrphidae,Syrphidae,NA,NA,NA,NA,NA,NA,dip,-2.748872195622466,3.0175015087507544e-4,147,Historical + Field,0.8985272982882737,0.4007169188973196,0.4801375229821663,0.7803815970928513,0.0024890093131371494,0.2563192294499797
D40,1970,2022,2024,"Hungary, Slovakia (Carpathian Basin)",Pannonian biogeographic region,47.16250000000001,19.5033,Diptera,Syrphidae,Pipizella viduata,Historical + Field,Decline,"Multiple, Climate, Habitat",-0.909,1050,Diptera,Diptera,Syrphidae,37,Europe,NA,NA,NA,37,diptera,syrphidae,syrphidae,Stratiomyidae,NA,NA,NA,NA,NA,NA,dip,-2.3968957724652875,9.523809523809524e-4,148,Historical + Field,0.8985272982882737,0.4007169188973196,0.4801375229821663,0.7803815970928513,0.0024890093131371494,0.2563192294499797
D40,1970,2022,2024,"Hungary, Slovakia (Carpathian Basin)",Pannonian biogeographic region,47.16250000000001,19.5033,Diptera,Syrphidae,Eristalis arbustorum,Historical + Field,Decline,"Multiple, Climate, Habitat",-0.908,2795,Diptera,Diptera,Syrphidae,38,Europe,NA,NA,NA,38,diptera,syrphidae,syrphidae,Tabanidae,NA,NA,NA,NA,NA,NA,dip,-2.3859667019330972,3.5778175313059033e-4,149,Historical + Field,0.8985272982882737,0.4007169188973196,0.4801375229821663,0.7803815970928513,0.0024890093131371494,0.2563192294499797
D40,1970,2022,2024,"Hungary, Slovakia (Carpathian Basin)",Pannonian biogeographic region,47.16250000000001,19.5033,Diptera,Syrphidae,Myathropa florea,Historical + Field,Decline,"Multiple, Climate, Habitat",-0.903,316,Diptera,Diptera,Syrphidae,39,Europe,NA,NA,NA,39,diptera,syrphidae,syrphidae,Tephritidae,NA,NA,NA,NA,NA,NA,dip,-2.3330443004787544,0.00316455696202531,150,Historical + Field,0.8985272982882737,0.4007169188973196,0.4801375229821663,0.7803815970928513,0.0024890093131371494,0.2563192294499797
D40,1970,2022,2024,"Hungary, Slovakia (Carpathian Basin)",Pannonian biogeographic region,47.16250000000001,19.5033,Diptera,Syrphidae,Eristalis pertinax,Historical + Field,Decline,"Multiple, Climate, Habitat",-0.881,265,Diptera,Diptera,Syrphidae,40,Europe,NA,NA,NA,40,diptera,syrphidae,syrphidae,Tipulidae,NA,NA,NA,NA,NA,NA,dip,-2.1286317858706076,0.00377358490566037,151,Historical + Field,0.8985272982882737,0.4007169188973196,0.4801375229821663,0.7803815970928513,0.0024890093131371494,0.2563192294499797
D40,1970,2022,2024,"Hungary, Slovakia (Carpathian Basin)",Pannonian biogeographic region,47.16250000000001,19.5033,Diptera,Syrphidae,Syritta pipiens,Historical + Field,Decline,"Multiple, Climate, Habitat",-0.8440000000000001,2227,Diptera,Diptera,Syrphidae,41,Europe,NA,NA,NA,41,diptera,syrphidae,syrphidae,Ulidiidae,NA,NA,NA,NA,NA,NA,dip,-1.8578992717326008,4.49034575662326e-4,152,Historical + Field,0.8985272982882737,0.4007169188973196,0.4801375229821663,0.7803815970928513,0.0024890093131371494,0.2563192294499797
D40,1970,2022,2024,"Hungary, Slovakia (Carpathian Basin)",Pannonian biogeographic region,47.16250000000001,19.5033,Diptera,Syrphidae,Scaeva pyrastri,Historical + Field,Decline,"Multiple, Climate, Habitat",-0.8380000000000001,372,Diptera,Diptera,Syrphidae,42,Europe,NA,NA,NA,42,diptera,syrphidae,syrphidae,NA,NA,NA,NA,NA,NA,NA,dip,-1.8201589437497536,0.00268817204301075,153,Historical + Field,0.8985272982882737,0.4007169188973196,0.4801375229821663,0.7803815970928513,0.0024890093131371494,0.2563192294499797
D40,1970,2022,2024,"Hungary, Slovakia (Carpathian Basin)",Pannonian biogeographic region,47.16250000000001,19.5033,Diptera,Syrphidae,Platycheirus albimanus,Historical + Field,Decline,"Multiple, Climate, Habitat",-0.8330000000000001,422,Diptera,Diptera,Syrphidae,43,Europe,NA,NA,NA,43,diptera,syrphidae,syrphidae,NA,NA,NA,NA,NA,NA,NA,dip,-1.7897614665653825,0.00236966824644549,154,Historical + Field,0.8985272982882737,0.4007169188973196,0.4801375229821663,0.7803815970928513,0.0024890093131371494,0.2563192294499797
D40,1970,2022,2024,"Hungary, Slovakia (Carpathian Basin)",Pannonian biogeographic region,47.16250000000001,19.5033,Diptera,Syrphidae,Eristalis tenax,Historical + Field,Decline,"Multiple, Climate, Habitat",-0.8240000000000001,2301,Diptera,Diptera,Syrphidae,44,Europe,NA,NA,NA,44,diptera,syrphidae,syrphidae,NA,NA,NA,NA,NA,NA,NA,dip,-1.7372712839439857,4.34593654932638e-4,155,Historical + Field,0.8985272982882737,0.4007169188973196,0.4801375229821663,0.7803815970928513,0.0024890093131371494,0.2563192294499797
D40,1970,2022,2024,"Hungary, Slovakia (Carpathian Basin)",Pannonian biogeographic region,47.16250000000001,19.5033,Diptera,Syrphidae,Syrphus ribesii,Historical + Field,Decline,"Multiple, Climate, Habitat",-0.8170000000000001,732,Diptera,Diptera,Syrphidae,45,Europe,NA,NA,NA,45,diptera,syrphidae,syrphidae,NA,NA,NA,NA,NA,NA,NA,dip,-1.6982691261407163,0.00136612021857923,156,Historical + Field,0.8985272982882737,0.4007169188973196,0.4801375229821663,0.7803815970928513,0.0024890093131371494,0.2563192294499797
D40,1970,2022,2024,"Hungary, Slovakia (Carpathian Basin)",Pannonian biogeographic region,47.16250000000001,19.5033,Diptera,Syrphidae,Volucella pellucens,Historical + Field,Decline,"Multiple, Climate, Habitat",-0.812,116,Diptera,Diptera,Syrphidae,46,Europe,NA,NA,NA,46,diptera,syrphidae,syrphidae,NA,NA,NA,NA,NA,NA,NA,dip,-1.671313316152188,0.00862068965517241,157,Historical + Field,0.8985272982882737,0.4007169188973196,0.4801375229821663,0.7803815970928513,0.0024890093131371494,0.2563192294499797
D40,1970,2022,2024,"Hungary, Slovakia (Carpathian Basin)",Pannonian biogeographic region,47.16250000000001,19.5033,Diptera,Syrphidae,Eupeodes luniger,Historical + Field,Decline,"Multiple, Climate, Habitat",-0.778,146,Diptera,Diptera,Syrphidae,47,Europe,NA,NA,NA,47,diptera,syrphidae,syrphidae,NA,NA,NA,NA,NA,NA,NA,dip,-1.5050778971098575,0.00684931506849315,158,Historical + Field,0.8985272982882737,0.4007169188973196,0.4801375229821663,0.7803815970928513,0.0024890093131371494,0.2563192294499797
D40,1970,2022,2024,"Hungary, Slovakia (Carpathian Basin)",Pannonian biogeographic region,47.16250000000001,19.5033,Diptera,Syrphidae,Cheilosia impressa,Historical + Field,Decline,"Multiple, Climate, Habitat",-0.622,303,Diptera,Diptera,Syrphidae,48,Europe,NA,NA,NA,48,diptera,syrphidae,syrphidae,NA,NA,NA,NA,NA,NA,NA,dip,-0.9728610833625494,0.0033003300330033,159,Historical + Field,0.8985272982882737,0.4007169188973196,0.4801375229821663,0.7803815970928513,0.0024890093131371494,0.2563192294499797
D40,1970,2022,2024,"Hungary, Slovakia (Carpathian Basin)",Pannonian biogeographic region,47.16250000000001,19.5033,Diptera,Syrphidae,Cheilosia soror,Historical + Field,Decline,"Multiple, Climate, Habitat",-0.115,189,Diptera,Diptera,Syrphidae,49,Europe,NA,NA,NA,49,diptera,syrphidae,syrphidae,NA,NA,NA,NA,NA,NA,NA,dip,-0.12216763397420752,0.00529100529100529,160,Historical + Field,0.8985272982882737,0.4007169188973196,0.4801375229821663,0.7803815970928513,0.0024890093131371494,0.2563192294499797
D40,1970,2022,2024,"Hungary, Slovakia (Carpathian Basin)",Pannonian biogeographic region,47.16250000000001,19.5033,Diptera,Syrphidae,Volucella zonaria,Historical + Field,Decline,"Multiple, Climate, Habitat",-0.8330000000000001,51,Diptera,Diptera,Syrphidae,50,Europe,NA,NA,NA,50,diptera,syrphidae,syrphidae,NA,NA,NA,NA,NA,NA,NA,dip,-1.7897614665653825,0.0196078431372549,161,Historical + Field,0.8985272982882737,0.4007169188973196,0.4801375229821663,0.7803815970928513,0.0024890093131371494,0.2563192294499797
D192,1982,1984,1986,USA,"Kern County, California",35.4369,-118.8596,Diptera,Culicidae,Culex tarsalis,Field,Decline,Climate,-0.8700000000000001,248,Diptera,Diptera,Chironomidae,72,North America,NA,"D192: Decline_Value was derived from Fig. 2 (relative abundance; number per collection) by digitising the time-series values for each species using WebPlotDigitizer. For each winter (1982–83 and 1983–84) and each sex (female and male), we identified Start as the highest value in Sep/Oct and Min as the lowest value around Jan, then calculated the overwinter decline magnitude as: Decline = \frac{Min - Start}{Start} Species-level Decline_Value was obtained by averaging Decline estimates across the two winters and across sexes (i.e., mean of the four values: 2 winters × 2 sexes). Sample_Size corresponds to the number of individuals measured for reproductive/ovarian status assessments reported in the paper (Table 1), and therefore reflects the number of mosquitoes contributing to the reproductive-status component of the study rather than the number of time points in the abundance time series.",NA,72,diptera,culicidae,chironomidae,NA,NA,NA,NA,NA,NA,NA,dip,-2.0402208285265555,0.00403225806451612,162,Field,0.9967762037633604,0.3580594258730586,0.7186272292829542,1.0919851788394486,-0.14759405808077763,3.062520801688119
D192,1982,1984,1986,USA,"Kern County, California",35.4369,-118.8596,Diptera,Culicidae,Culex quinquefasciatus,Field,Decline,Climate,-0.99,231,Diptera,Diptera,Chironomidae,73,North America,NA,NA,NA,73,diptera,culicidae,chironomidae,NA,NA,NA,NA,NA,NA,NA,dip,-4.605170185988091,0.00432900432900432,163,Field,0.9967762037633604,0.3580594258730586,0.7186272292829542,1.0919851788394486,-0.14759405808077763,3.062520801688119
D556,2003,2009,2012,French Polynesia,Tahiti Island,-17.5666999999999,-149.6,Diptera,Tephritidae,Bactrocera dorsalis,Field,Decline,Invasives,-0.923,388,Diptera,Diptera,Syrphidae,84,Europe,NA,"D556：Decline_Value was extracted from the paper’s guava (Psidium guajava) example, where emergence per kg fruit declined by 92.3%, 96.8%, and 99.6% for B. dorsalis, B. tryoni, and B. kirki, respectively, when comparing 2003 vs 2009.  To keep the sample-size definition consistent with this host-specific effect size, Sample_Size was recorded as the number of usable guava fruit collections reported in the Methods (388 collections).     (Total usable samples across all host fruits after filtering <10 fruits per sample were 1791, but this pooled N is not host-matched to the guava-specific decline values.)",NA,84,diptera,tephritidae,syrphidae,NA,NA,NA,NA,NA,NA,NA,dip,-2.5639498571284536,0.00257731958762886,164,Field,0,0.33251893520355225,0.5949779067232399,-2.069363375534003,-0.2374538906838115,1.6075945964638698
D556,2003,2009,2012,French Polynesia,Tahiti Island,-17.5666999999999,-149.6,Diptera,Tephritidae,Bactrocera tryoni,Field,Decline,Invasives,-0.968,388,Diptera,Diptera,Syrphidae,85,Europe,NA,NA,NA,85,diptera,tephritidae,syrphidae,NA,NA,NA,NA,NA,NA,NA,dip,-3.44201937618241,0.00257731958762886,165,Field,0,0.33251893520355225,0.5949779067232399,-2.069363375534003,-0.2374538906838115,1.6075945964638698
D556,2003,2009,2012,French Polynesia,Tahiti Island,-17.5666999999999,-149.6,Diptera,Tephritidae,Bactrocera kirki,Field,Decline,Invasives,-0.996,388,Diptera,Diptera,Tephritidae,86,Oceania,NA,NA,NA,86,diptera,tephritidae,tephritidae,NA,NA,NA,NA,NA,NA,NA,dip,-5.521460917862245,0.00257731958762886,166,Field,0,0.33251893520355225,0.5949779067232399,-2.069363375534003,-0.2374538906838115,1.6075945964638698
D975,1983,1995,1997,Kenya,"Nguruman, south-west Kenya",-1.91669999999999,36.0833,Diptera,Glossinidae,Glossina pallidipes,Field,Decline,Climate,-0.998,10,Diptera,Diptera,Tephritidae,89,North America,NA,"D975：This study reports long-term trap-based monitoring of tsetse flies at Nguruman, Kenya, using a fixed set of 10 regular monitoring trap sites (sites 1–10) as the core spatial sampling units for the time series; therefore Sample_Size = 10 for both species. For Glossina pallidipes, the paper explicitly reports very strong but incomplete suppression under sustained trapping (e.g., in Kalema, trap catches/population were reduced by approximately 99.8% by the end of 1992), so we recorded Decline_Value = −0.998 using the percentage-change convention.   For Glossina longipennis, the paper does not provide a single overall percent decline comparable to G. pallidipes; abundance is described via trap-catch trajectories and phase-specific rates, and absolute population estimation was not consistently supported. Therefore, Decline_Value was recorded as NA.",NA,89,diptera,glossinidae,tephritidae,NA,NA,NA,NA,NA,NA,NA,dip,-6.2146080984221905,0.1,167,Field,0.5159265079029836,0.10210197333625282,0.7164128675201162,-0.4330647623006024,-1.0481364218152835,3.0364653984727585
D1682,1978,1993,1997,USA,Florida Medical Entomology Laborator,27.5833,-80.3667,Diptera,Culicidae,Aedes triseriatus,Field,Decline,Climate,-0.234,32,Diptera,Diptera,Culicidae,92,North America,NA,NA,NA,92,diptera,culicidae,culicidae,NA,NA,NA,NA,NA,NA,NA,dip,-0.26657310924154576,0.03125,168,Field,0.71874755485594,0.8040587020344455,0.5814468468896342,0.21019700614893816,1.4215778429424963,1.448380674957241
C4,1865,2004,2007,Italy,National,41.8719,12.5674,Coleoptera,Scarabaeidae,Gymnopleurus flagellatus,Historical,Decline,Habitat,-0.962,42,Coleoptera,Coleoptera,Scarabaeidae,8,Europe,NA,"C4：we included all 11 roller species analysed by the authors (Scarabaeus: 6; Gymnopleurus: 4; Sisyphus: 1) to avoid selective inclusion bias and to match the paper’s reported scope.Effect size (Decline_Value; proportional change). We quantified century-scale change using the first and last quarter of the 20th century defined in the paper: P1 = 1900–1924 and P4 = 1975–1999. Species-specific relative frequencies (%) were extracted from Table 4, where each value represents the percentage of records for a given roller species relative to the combined dataset of rollers + tunnellers (RT).  Decline_Value was calculated on a proportional change scale:\text{Decline\_Value}=\frac{p_{P4}-p_{P1}}{p_{P1}}=\frac{p_{P4}}{p_{P1}}-1. where p_{P1} and p_{P4} are the Table 4 percentages for the species in P1 and P4, respectively. Negative values indicate a decrease in relative record frequency from P1 to P4 (decline), whereas positive values indicate an increase. Note on conversion: earlier lnRR values (if present) were converted to proportional change using \exp(\text{lnRR})-1, ensuring consistency with the database-wide definition of Decline_Value as proportional (%-based) change. Sample size (Sample_Size). The paper does not report species-specific record counts for each quarter-period (P1–P4); Table 4 provides percentages and flags some tests as data-deficient (DD) when expected frequencies are < 5.  Therefore, for this P4 vs P1 contrast, we recorded Sample_Size as the total number of collection records per species reported in Table 2 (overall sampling intensity) and did not infer quarter-specific counts. Interpretation. These effect sizes reflect changes in the relative frequency of collection records (records-based occurrence) and should not be interpreted as direct census estimates of population size.",Cerambycidae（天牛科）,7,coleoptera,scarabaeidae,scarabaeidae,NA,NA,NA,NA,NA,NA,NA,col,-3.2701691192557503,0.0238095238095238,169,Historical,1,0.8992769214528038,0.5189840661363277,1.102209684133432,1.756586804532583,0.7134091062672941
C4,1865,2004,2007,Italy,National,41.8719,12.5674,Coleoptera,Scarabaeidae,Gymnopleurus geoffroyi,Historical,Decline,Habitat,-0.933,61,Coleoptera,Coleoptera,Scarabaeidae,9,Europe,NA,NA,NA,8,coleoptera,scarabaeidae,scarabaeidae,NA,NA,NA,NA,NA,NA,NA,col,-2.703062659591172,0.01639344262295082,170,Historical,1,0.8992769214528038,0.5189840661363277,1.102209684133432,1.756586804532583,0.7134091062672941
C4,1865,2004,2007,Italy,National,41.8719,12.5674,Coleoptera,Scarabaeidae,Gymnopleurus mopsus,Historical,Decline,Habitat,-0.978,202,Coleoptera,Coleoptera,Scarabaeidae,10,Europe,NA,NA,Cetoniiidae（花金龟科，Scarabaeidae 的一个亚科，通常单独列出）,9,coleoptera,scarabaeidae,scarabaeidae,NA,NA,NA,NA,NA,NA,NA,col,-3.81671282562382,0.00495049504950495,171,Historical,1,0.8992769214528038,0.5189840661363277,1.102209684133432,1.756586804532583,0.7134091062672941
C4,1865,2004,2007,Italy,National,41.8719,12.5674,Coleoptera,Scarabaeidae,Gymnopleurus sturmi,Historical,Decline,Habitat,-0.938,284,Coleoptera,Coleoptera,Scarabaeidae,11,Europe,NA,NA,NA,10,coleoptera,scarabaeidae,scarabaeidae,NA,NA,NA,NA,NA,NA,NA,col,-2.7806208939370465,0.00352112676056338,172,Historical,1,0.8992769214528038,0.5189840661363277,1.102209684133432,1.756586804532583,0.7134091062672941
C4,1865,2004,2007,Italy,National,41.8719,12.5674,Coleoptera,Scarabaeidae,Scarabaeus laticollis,Historical,Decline,Habitat,-0.481,310,Coleoptera,Coleoptera,Scarabaeidae,12,Europe,NA,NA,NA,11,coleoptera,scarabaeidae,scarabaeidae,NA,NA,NA,NA,NA,NA,NA,col,-0.6558513958162486,0.0032258064516129,173,Historical,1,0.8992769214528038,0.5189840661363277,1.102209684133432,1.756586804532583,0.7134091062672941
C4,1865,2004,2007,Italy,National,41.8719,12.5674,Coleoptera,Scarabaeidae,Scarabaeus semipunctatus,Historical,Decline,Habitat,-0.626,249,Coleoptera,Coleoptera,Scarabaeidae,13,Europe,NA,NA,NA,12,coleoptera,scarabaeidae,scarabaeidae,NA,NA,NA,NA,NA,NA,NA,col,-0.9834994815676052,0.00401606425702811,174,Historical,1,0.8992769214528038,0.5189840661363277,1.102209684133432,1.756586804532583,0.7134091062672941
C4,1865,2004,2007,Italy,National,41.8719,12.5674,Coleoptera,Scarabaeidae,Scarabaeus variolosus,Historical,Decline,Habitat,-0.17600000000000002,163,Coleoptera,Coleoptera,Scarabaeidae,14,Europe,NA,NA,Coccinellidae（瓢虫科）,13,coleoptera,scarabaeidae,scarabaeidae,NA,NA,NA,NA,NA,NA,NA,col,-0.1935847490726654,0.00613496932515337,175,Historical,1,0.8992769214528038,0.5189840661363277,1.102209684133432,1.756586804532583,0.7134091062672941
C4,1865,2004,2007,Italy,National,41.8719,12.5674,Coleoptera,Scarabaeidae,Scarabaeus pius,Historical,Decline,Habitat,-0.996,30,Coleoptera,Coleoptera,Scarabaeidae,15,Europe,NA,NA,Coccinellidae（瓢虫科）,14,coleoptera,scarabaeidae,scarabaeidae,NA,NA,NA,NA,NA,NA,NA,col,-5.521460917862245,0.03333333333333333,176,Historical,1,0.8992769214528038,0.5189840661363277,1.102209684133432,1.756586804532583,0.7134091062672941
C4,1865,2004,2007,Italy,National,41.8719,12.5674,Coleoptera,Scarabaeidae,Scarabaeus sacer,Historical,Decline,Habitat,-0.886,171,Coleoptera,Coleoptera,Scarabaeidae,16,Europe,NA,NA,Coccinellidae（瓢虫科）,15,coleoptera,scarabaeidae,scarabaeidae,NA,NA,NA,NA,NA,NA,NA,col,-2.1715568305876416,0.00584795321637426,177,Historical,1,0.8992769214528038,0.5189840661363277,1.102209684133432,1.756586804532583,0.7134091062672941
C4,1865,2004,2007,Italy,National,41.8719,12.5674,Coleoptera,Scarabaeidae,Scarabaeus typhon,Historical,Decline,Habitat,-0.907,185,Coleoptera,Coleoptera,Scarabaeidae,17,Europe,NA,NA,NA,16,coleoptera,scarabaeidae,scarabaeidae,NA,NA,NA,NA,NA,NA,NA,col,-2.3751557858288814,0.0054054054054054,178,Historical,1,0.8992769214528038,0.5189840661363277,1.102209684133432,1.756586804532583,0.7134091062672941
C4,1865,2004,2007,Italy,National,41.8719,12.5674,Coleoptera,Scarabaeidae,Sisyphus schaefferi,Historical,Increase,Habitat,1.3049999999999995,233,Coleoptera,Coleoptera,Scarabaeidae,18,Europe,NA,NA,NA,17,coleoptera,scarabaeidae,scarabaeidae,NA,NA,NA,NA,NA,NA,NA,col,0.8350806764486117,0.00429184549356223,179,Historical,1,0.8992769214528038,0.5189840661363277,1.102209684133432,1.756586804532583,0.7134091062672941
C8,1973,2017,2019,USA,"New Hampshire, White Mountains, Hubbard Brook Experimental Forest",43.9439,-71.7386,Coleoptera,Multiple,Multiple,Field,Decline,Climate,-0.8300000000000001,725,Coleoptera,Coleoptera,Multiple,40,North America,NA,"Note (C8): Decline_Value was calculated as proportional change in mean beetle capture rate per 48 h between the mid-1970s and 2015–2017, using values reported in the Results (23.2 vs 3.9 beetles per 48 h), i.e., (3.9−23.2)/23.2 = −0.832 ≈ −0.83 (an 83% decline reported by the authors). Sample_Size was coded from the paper’s reported observation counts for “sample date × trap” units (Wilcoxon test: n = 338 for 1973–1977 and m = 387 for 2015–2017; total = 725). Drivers were coded as climate warming and reduced winter snow conditions, consistent with the authors’ inference that recent climate warming is the primary cause and with the reported associations between capture rate and snow depth/duration.",Elateridae（叩甲科）,25,coleoptera,multiple,multiple,NA,NA,NA,NA,NA,NA,NA,col,-1.7719568419318756,0.00137931034482758,180,Field,0.7641070480143182,0.06234907807991391,0.3597255781245186,0.3540579526502197,-1.188000160513362,-1.160514202134764
C20,1995,2020,2021,Czech Republic,Bohemia,50.065000000000005,14.485,Coleoptera,Chrysomelidae,Gastrophysa viridula,Field,Decline,"Multiple, Climate, Habitat",-0.71,611,Coleoptera,Coleoptera,Chrysomelidae,15,Europe,NA,Decline_Value was calculated as proportional change in occupancy across dock stands between two survey periods. The species occurred in all 177 stands surveyed in 1995–1999 (p₁ = 1.00) and in 126 of 434 stands (29%) surveyed in 2019–2020 (p₂ = 0.29); thus Decline_Value = (0.29 − 1.00) / 1.00 = −0.71. Sample_Size was coded as the total number of stands surveyed across both periods (177 + 434 = 611). Note that stands surveyed in 2019–2020 were not the same localities as in 1995–1999 because the earlier stands no longer existed at the time of resampling. Drivers were coded based on authors’ discussion as climate warming and habitat fragmentation/relocation of host-plant stands associated with changes in agricultural practices and mowing regime.,Lymexylidae（钻木甲科）,29,coleoptera,chrysomelidae,chrysomelidae,NA,NA,NA,NA,NA,NA,NA,col,-1.2378743560016172,0.00163666121112929,181,Field,1,0.9110303768988299,0.48306431464233357,1.102209684133432,1.7979393201343334,0.290757476222846
C21,2012,1990,2010,Belgium,Nationwide (1-km² grid),50.8503,4.3517,Coleoptera,Coccinellidae,Adalia bipunctata,Field,Decline,Invasives,-0.3,1419,Coleoptera,Coleoptera,Coccinellidae,16,Europe,NA,"C21：C21 includes two distinct datasets: (i) nationwide 1-km² occupancy (presence/absence) records analysed with binomial GLMMs (Tables 1–2), where sample size is the number of 1-km²-year combinations used for analysis (Belgium n=1419; Britain n=1746); and (ii) systematic abundance surveys at deciduous tree sites analysed with Poisson GLMMs (Table 3), where sample size is the number of individual beetles per species. The manuscript explicitly reports percentage declines only for Adalia bipunctata (30% in Belgium; 44% in Britain over five years post-arrival of H. axyridis), which were coded as proportional change (−0.30/−0.44). For other focal species, the paper reports model coefficients (Y/H or Trend) rather than direct percentage changes; therefore Decline_Value was recorded as NA under a “proportional decline” effect-size definition.",NA,30,coleoptera,coccinellidae,coccinellidae,NA,NA,NA,NA,NA,NA,NA,col,-0.35667494393873245,7.047216349541931e-4,182,Field,0.45522403537491773,0.9483581721430521,0.45747883175635695,-0.6255870888258185,1.9292707606884847,-0.010295443061420795
C21,2012,1990,2010,United Kingdom,Great Britain (nationwide),52.3552,-1.1743,Coleoptera,Coccinellidae,Adalia bipunctata,Field,Decline,Invasives,-0.44,1746,Coleoptera,Coleoptera,Coccinellidae,24,Europe,NA,NA,NA,38,coleoptera,coccinellidae,coccinellidae,NA,NA,NA,NA,NA,NA,NA,col,-0.579818495252942,5.72737686139748e-4,183,Field,0.9529869325937971,0.6748165529478156,0.42759395016774027,0.9531043060955896,0.9668615247455692,-0.3619374614987159
C30,1999,2018,2022,USA,Southern Michigan,42.593,-84.3749999999999,Coleoptera,Scarabaeidae,Popillia japonica,Field,Decline,"Multiple, Pathogens, Pesticides",-0.732,60,Coleoptera,Coleoptera,Scarabaeidae,40,North America,NA,"C30Decline_Value was derived from adult Japanese beetle (Popillia japonica) pheromone-trap catches reported in the Results. The paper states that mean trap catches declined by 73.2% from 1999 (mean = 4,277) to the 2015–2018 period (mean = 1,147) (Fig. 2). Therefore, proportional change = (1,147 − 4,277) / 4,277 = −0.732. Alternatively, lnRR can be calculated as ln(1,147 / 4,277) = −1.316 (if lnRR is used consistently across the database). Sample_Size was not explicitly reported as a total number of individuals; instead, it was inferred from the one-way ANOVA degrees of freedom for trap catches (df = 2, 57), giving N = 57 + 3 = 60 observations across the three time periods.",NA,61,coleoptera,scarabaeidae,scarabaeidae,NA,NA,NA,NA,NA,NA,NA,col,-1.3167682984712803,0.01666666666666666,184,Field,0.6204812914452668,0.4787612547100749,0.3979722564541455,-0.10146162755853688,0.27707460919443727,-0.7104826660729041
C91,2006,2008,2011,UK,Eastern England,56.8954,2.5415,Coleoptera,Coccinellidae,Adalia bipunctata,Field,Decline,Invasives,-0.73,7,Coleoptera,Coleoptera,Coccinellidae,70,Europe,NA,"C91:Species-specific mean abundance (mean number of ladybirds per repeat survey) for All sites, adults (sites A–G) was extracted from the Appendix associated with Fig. 1d (Year 1–Year 3 means).  Decline_Value was calculated as proportional change between Year 3 (2008) and Year 1 (2006):",NA,106,coleoptera,coccinellidae,coccinellidae,NA,NA,NA,NA,NA,NA,NA,col,-1.3093333199837622,0.14285714285714285,185,Field,0,NA,NA,-2.069363375534003,NA,NA
C91,2006,2008,2011,UK,Eastern England,56.8954,2.5415,Coleoptera,Coccinellidae,Coccinella septempunctata,Field,Decline,Invasives,-0.81,7,Coleoptera,Coleoptera,Coccinellidae,71,Europe,NA,"\text{Decline\_Value}=\frac{\text{Mean}_{Y3}-\text{Mean}_{Y1}}{\text{Mean}_{Y1}} This metric reflects change in mean abundance per repeat survey across the study period.  Sample_Size was recorded as the number of independent sites contributing to the “All sites” estimates (7 sites: A–G).  The study conducted repeated surveys within each site (nine repeat surveys per site per year), but these are repeated measures and were not treated as independent sample units in Sample_Size to avoid pseudo-replication.  The driver was coded as Invasives, because the paper attributes declines in native ladybirds to the arrival and spread of the invasive predator Harmonia axyridis (including competition for aphid prey and intraguild predation).  For H. axyridis, the Year 1 mean abundance was ~0, so proportional change is numerically unstable;  therefore Decline_Value was recorded as NA while retaining the direction as an increase.",NA,107,coleoptera,coccinellidae,coccinellidae,NA,NA,NA,NA,NA,NA,NA,col,-1.660731206821651,0.14285714285714285,186,Field,0,NA,NA,-2.069363375534003,NA,NA
C91,2006,2008,2011,UK,Eastern England,56.8954,2.5415,Coleoptera,Coccinellidae,Propylea quattuordecimpunctata,Field,Decline,Invasives,-0.2,7,Coleoptera,Coleoptera,Coccinellidae,72,Europe,NA,NA,NA,108,coleoptera,coccinellidae,coccinellidae,NA,NA,NA,NA,NA,NA,NA,col,-0.2231435513142097,0.14285714285714285,187,Field,0,NA,NA,-2.069363375534003,NA,NA
C91,2006,2008,2011,UK,Eastern England,56.8954,2.5415,Coleoptera,Coccinellidae,Harmonia axyridis,Field,Increase,NA,-0.88,7,Coleoptera,Coleoptera,Coccinellidae,73,Europe,NA,NA,NA,109,coleoptera,coccinellidae,coccinellidae,NA,NA,NA,NA,NA,NA,NA,col,-2.120263536200091,0.14285714285714285,188,Field,0,NA,NA,-2.069363375534003,NA,NA
C103,2007,2009,2011,China,Beijing,40.3614,116.3376,Coleoptera,Curculionidae,Multiple,Field,Decline,"Multiple, Habitat, Urbanization",-0.593,52,Coleoptera,Coleoptera,Curculionidae,85,Asia,NA,"C103: Sample_Size (n = 52) was defined as the number of site-year observations.  The study surveyed weevils on willow trunks across 20 sites in 2007, 15 sites in 2008, and 17 sites in 2009, giving a total of 20 + 15 + 17 = 52 site-year samples. Decline_Value (-0.593) represents the proportional decline in weevil abundance per 5 km toward the urban centre, as directly reported in the paper: abundance decreased by 59.3% per 5 km (negative sign indicates decline)",NA,121,coleoptera,curculionidae,curculionidae,NA,NA,NA,NA,NA,NA,NA,col,-0.898942093539542,0.01923076923076923,189,Field,0.9684720247003666,0.2558217825215476,0.4825172240746618,1.0022164070472546,-0.5072996579525996,0.28432010651423095
C485,1974,1999,2001,USA,"Welder Wildlife Refuge, San Patricio Co., TX",28.0863,-97.4321,Coleoptera,Scarabaeidae,Boreocanthon ebenus,Field,Decline,"Multiple, Habitat, Climate, Invasives",-0.923,14,Coleoptera,Coleoptera,Scarabaeidae,114,North America,NA,NA,NA,150,coleoptera,scarabaeidae,scarabaeidae,NA,NA,NA,NA,NA,NA,NA,col,-2.5639498571284536,0.07142857142857142,190,Field,0.6390080805965405,0.2177715055809623,0.6441480918942966,-0.0427025622042183,-0.6411730263472937,2.1861581457024886
C485,1974,1999,2001,USA,"Welder Wildlife Refuge, San Patricio Co., TX",28.0863,-97.4321,Coleoptera,Scarabaeidae,Melanocanthon bispinatus,Field,Decline,"Multiple, Habitat, Climate, Invasives",-0.923,14,Coleoptera,Coleoptera,Scarabaeidae,115,North America,NA,NA,NA,151,coleoptera,scarabaeidae,scarabaeidae,NA,NA,NA,NA,NA,NA,NA,col,-2.5639498571284536,0.07142857142857142,191,Field,0.6390080805965405,0.2177715055809623,0.6441480918942966,-0.0427025622042183,-0.6411730263472937,2.1861581457024886
C485,1974,1999,2001,USA,"Welder Wildlife Refuge, San Patricio Co., TX",28.0863,-97.4321,Coleoptera,Scarabaeidae,Glaphyrocanthon viridis,Field,Decline,"Multiple, Habitat, Climate, Invasives",-0.983,117,Coleoptera,Coleoptera,Scarabaeidae,116,North America,NA,NA,NA,152,coleoptera,scarabaeidae,scarabaeidae,NA,NA,NA,NA,NA,NA,NA,col,-4.07454193492592,0.00854700854700854,192,Field,0.6390080805965405,0.2177715055809623,0.6441480918942966,-0.0427025622042183,-0.6411730263472937,2.1861581457024886
C592,2003,2007,2009,USA,"Ozark National Forest, Arkansas（Ozark Mountains）",35.715,93.716,Coleoptera,Cerambycidae,Enaphalodes rufulus,Field,Decline,"Multiple, Habitat, Climate",-0.96,98,Coleoptera,Coleoptera,Cerambycidae,118,Asia,NA,"C592Sample_Size (n = 98) was defined as the total number of whole trees felled and dissected to count live red oak borers across all sampling years. The Results state that measurements were taken for all 98 trees sampled, and Table 1 reports year-specific sample sizes in the overall row (2003: 17 trees; 2005: 57 trees; 2007: 24 trees; total = 98).  Decline_Value (-0.96) represents a 96% proportional reduction in red oak borer density between the 2003 and 2005 cohorts, as directly reported in the Discussion (“declined again (96%) between the 2003 and 2005 cohort”). The decline refers to standardised density expressed per square meter of bark surface area (the unit used for cohort comparisons).  Although the study targeted Enaphalodes rufulus, the authors note that some 2003 emergence galleries counted in lieu of individuals could potentially have been produced by a closely related species (e.g., E. atomarius), but no other large pharate cerambycids were recorded during data collection, suggesting any bias was minimal",NA,154,coleoptera,cerambycidae,cerambycidae,NA,NA,NA,NA,NA,NA,NA,col,-3.2188758248681997,0.01020408163265306,193,Field,0.049019564268463656,0.004130246720240493,0.19645351704013317,-1.9138942461035073,-1.3928331258631865,-3.0816634275009336
C710,1995,2013,2015,USA,"Richmond, Cache Co., Northern Utah (Bear River Range)",41.9391,-111.7699,Coleoptera,Chrysomelidae,Aphthona spp.,Field,Decline,Habitat,-0.93,20,Coleoptera,Coleoptera,Chrysomelidae,119,North America,NA,"C710: Sample_Size (n = 20) was extracted from the statistical comparison of flea beetle abundance per sweep between 2001 and 2013. The authors state that mean numbers of beetles per sweep were compared for 2001 vs 2013 using combined samples (N = 20 for each year). Decline_Value (-0.93; seasonal mean of June & July declines). The paper reports an overall decline in flea beetle abundance (all Aphthona spp. combined) from 2001 to 2013 of 89% in June and 97% in July. To obtain a single summary metric for this study under a proportional-decline framework, we calculated an unweighted seasonal mean of the two reported monthly proportional declines: (0.89 + 0.97) / 2 = 0.93, recorded as Decline_Value = -0.93 (negative sign indicates decline). This averaging approach was used because the study does not provide month-specific variance estimates or other information required for weighted averaging.",NA,155,coleoptera,chrysomelidae,chrysomelidae,NA,NA,NA,NA,NA,NA,NA,col,-2.659260036932779,0.05,194,Field,0.9477819257981784,0.2405915877645122,0.4598031622452694,0.9365962467672196,-0.5608844840660931,0.01705391290684397
C1121,1993,2004,2006,USA,New Jersey (Blairstown),40.983,-74.956,Coleoptera,Coccinellidae,Coleomegilla maculata,Field,Stable,NA,0.3,1455,Coleoptera,Coleoptera,Coccinellidae,125,North America,NA,Use estimation. Scan the net with an average /100 (Blairstown),NA,159,coleoptera,coccinellidae,coccinellidae,NA,NA,NA,NA,NA,NA,NA,col,0.26236426446749106,6.872852233676976e-4,195,Field,0.7540228456865916,0.3308899812799507,0.40168556653746346,0.3220751682193665,-0.24318508546730316,-0.6667898092379334
C1121,1993,2004,2006,USA,New Jersey (Blairstown),40.983,-74.956,Coleoptera,Coccinellidae,Propylea quatuordecimpunctata,Field,Increase,NA,1,933,Coleoptera,Coleoptera,Coccinellidae,126,North America,NA,Species,NA,160,coleoptera,coccinellidae,coccinellidae,NA,Estimated sample size (B,NA,Average /100 Newark,Average /100 scans (Blairstown,Estimated sample size (N,Total N,col,0.6931471805599453,0.00107181136120042,196,Field,0.7540228456865916,0.3308899812799507,0.40168556653746346,0.3220751682193665,-0.24318508546730316,-0.6667898092379334
C1121,1993,2004,2006,USA,New Jersey (Blairstown),40.983,-74.956,Coleoptera,Coccinellidae,Hippodamia parenthesis,Field,Decline,NA,-0.7,496,Coleoptera,Coleoptera,Coccinellidae,127,North America,NA,Coleomegilla maculata,NA,161,coleoptera,coccinellidae,coccinellidae,NA,720,914,3.47,1.27,156,1455,col,-1.203972804325936,0.00201612903225806,197,Field,0.7540228456865916,0.3308899812799507,0.40168556653746346,0.3220751682193665,-0.24318508546730316,-0.6667898092379334
C1121,1993,2004,2006,USA,New Jersey (Blairstown),40.983,-74.956,Coleoptera,Coccinellidae,Coccinella septempunctata,Field,Decline,NA,-0.8,283,Coleoptera,Coleoptera,Coccinellidae,128,North America,NA,Propylea quatuordecimpunctata,NA,162,coleoptera,coccinellidae,coccinellidae,NA,720,814,0.76,1.1299999999999999,156,933,col,-1.6094379124341005,0.00353356890459363,198,Field,0.7540228456865916,0.3308899812799507,0.40168556653746346,0.3220751682193665,-0.24318508546730316,-0.6667898092379334
C1221,1976,2010,2014,Czech Republic,Central Bohemia (western Czech Republic),49.9167,14.5833,Coleoptera,Coccinellidae,Adalia bipunctata,Field,Decline,"Multiple, Habitat, Invasives",-0.5,1721,Coleoptera,Coleoptera,Coccinellidae,137,Europe,NA,Estimation,NA,174,coleoptera,coccinellidae,coccinellidae,NA,NA,NA,NA,NA,NA,NA,col,-0.6931471805599453,5.810575246949448e-4,199,Field,1,0.5730379431093197,0.44884029448142787,1.102209684133432,0.6087709554999193,-0.11194124261710447
C1221,1976,2010,2014,Czech Republic,Central Bohemia (western Czech Republic),49.9167,14.5833,Coleoptera,Coccinellidae,Adalia decempunctata,Field,Increase,NA,1,430,Coleoptera,Coleoptera,Coccinellidae,138,Europe,NA,"Approximate the total number of individuals using the total abundance in Table 1. Because its unit is per 100 sweeps, but since all species and habitats are uniform at this scale, interspecific trends can be compared.",NA,175,coleoptera,coccinellidae,coccinellidae,NA,NA,NA,NA,NA,NA,NA,col,0.6931471805599453,0.00232558139534883,200,Field,1,0.5730379431093197,0.44884029448142787,1.102209684133432,0.6087709554999193,-0.11194124261710447
C1221,1976,2010,2014,Czech Republic,Central Bohemia (western Czech Republic),49.9167,14.5833,Coleoptera,Coccinellidae,Calvia decemguttata,Field,Increase,NA,1,34,Coleoptera,Coleoptera,Coccinellidae,139,Europe,NA,"Use N (years) in Table 2 to assist in estimating the sample coverage. For instance, cereals has N=8 years of data in its first period and also N=8 years in its second period.",NA,176,coleoptera,coccinellidae,coccinellidae,NA,NA,NA,NA,NA,NA,NA,col,0.6931471805599453,0.02941176470588235,201,Field,1,0.5730379431093197,0.44884029448142787,1.102209684133432,0.6087709554999193,-0.11194124261710447
C1221,1976,2010,2014,Czech Republic,Central Bohemia (western Czech Republic),49.9167,14.5833,Coleoptera,Coccinellidae,Calvia quatuordecimguttata,Field,Increase,NA,1,147,Coleoptera,Coleoptera,Coccinellidae,140,Europe,NA,NA,NA,177,coleoptera,coccinellidae,coccinellidae,NA,NA,NA,NA,NA,NA,NA,col,0.6931471805599453,0.00680272108843537,202,Field,1,0.5730379431093197,0.44884029448142787,1.102209684133432,0.6087709554999193,-0.11194124261710447
C1221,1976,2010,2014,Czech Republic,Central Bohemia (western Czech Republic),49.9167,14.5833,Coleoptera,Coccinellidae,Coccinella quinquepunctata,Field,Decline,Habitat,-0.6749999999999989,497,Coleoptera,Coleoptera,Coccinellidae,142,Europe,NA,NA,NA,179,coleoptera,coccinellidae,coccinellidae,NA,NA,NA,NA,NA,NA,NA,col,-1.1239300966523962,0.00201207243460764,203,Field,1,0.5730379431093197,0.44884029448142787,1.102209684133432,0.6087709554999193,-0.11194124261710447
C1221,1976,2010,2014,Czech Republic,Central Bohemia (western Czech Republic),49.9167,14.5833,Coleoptera,Coccinellidae,Coccinella septempunctata,Field,Decline,Habitat,-0.524,4744,Coleoptera,Coleoptera,Coccinellidae,143,Europe,NA,NA,NA,180,coleoptera,coccinellidae,coccinellidae,NA,NA,NA,NA,NA,NA,NA,col,-0.7423374247507171,2.1079258010118043e-4,204,Field,1,0.5730379431093197,0.44884029448142787,1.102209684133432,0.6087709554999193,-0.11194124261710447
C1221,1976,2010,2014,Czech Republic,Central Bohemia (western Czech Republic),49.9167,14.5833,Coleoptera,Coccinellidae,Hippodamia septemmaculata,Field,Decline,NA,-0.94,18,Coleoptera,Coleoptera,Coccinellidae,146,Europe,NA,NA,NA,183,coleoptera,coccinellidae,coccinellidae,NA,NA,NA,NA,NA,NA,NA,col,-2.8134107167600373,0.05555555555555555,205,Field,1,0.5730379431093197,0.44884029448142787,1.102209684133432,0.6087709554999193,-0.11194124261710447
C1221,1976,2010,2014,Czech Republic,Central Bohemia (western Czech Republic),49.9167,14.5833,Coleoptera,Coccinellidae,Hippodamia variegata,Field,Increase,NA,1,230,Coleoptera,Coleoptera,Coccinellidae,147,Europe,NA,NA,NA,184,coleoptera,coccinellidae,coccinellidae,NA,NA,NA,NA,NA,NA,NA,col,0.6931471805599453,0.00434782608695652,206,Field,1,0.5730379431093197,0.44884029448142787,1.102209684133432,0.6087709554999193,-0.11194124261710447
C1221,1976,2010,2014,Czech Republic,Central Bohemia (western Czech Republic),49.9167,14.5833,Coleoptera,Coccinellidae,Oenopia conglobata,Field,Increase,NA,1,86,Coleoptera,Coleoptera,Coccinellidae,148,Europe,NA,NA,NA,185,coleoptera,coccinellidae,coccinellidae,NA,NA,NA,NA,NA,NA,NA,col,0.6931471805599453,0.01162790697674418,207,Field,1,0.5730379431093197,0.44884029448142787,1.102209684133432,0.6087709554999193,-0.11194124261710447
C1221,1976,2010,2014,Czech Republic,Central Bohemia (western Czech Republic),49.9167,14.5833,Coleoptera,Coccinellidae,Propylea quatuordecimpunctata,Field,Decline,Habitat,-0.592,1304,Coleoptera,Coleoptera,Coccinellidae,149,Europe,NA,Estimation,NA,186,coleoptera,coccinellidae,coccinellidae,NA,NA,NA,NA,NA,NA,NA,col,-0.8964881045779752,7.668711656441718e-4,208,Field,1,0.5730379431093197,0.44884029448142787,1.102209684133432,0.6087709554999193,-0.11194124261710447
C1472,2018,2018,2018,USA,18 states (nationwide dataset),38.29950000000001,-100.6032,Coleoptera,Coccinellidae,Coccinella septempunctata,Molecular,Increase,NA,1,169,Coleoptera,Coleoptera,Coccinellidae,150,North America,NA,"C. septempunctata: FLUCTUATE gives a significantly positive growth parameter (g=996.82), while Tajima's D is significantly negative, indicating population expansion. Therefore, it is denoted as Increase. H. axyridis: MSVAR infers a ""very recent"" sharp decline in population size; Table 3 presents N_ancestral and N_current, based on which the percentage decrease is calculated. H. convergens: MSVAR has recently declined by 11 to 18 times in both Eastern and Western/consolidated data. Table 5 presents N_ancestral and N_current, based on which the percentage decreases.",NA,187,coleoptera,coccinellidae,coccinellidae,NA,NA,NA,NA,NA,NA,NA,col,0.6931471805599453,0.0059171597633136,209,NA,0.8251589521029985,0.3353781921193678,0.542032967042987,0.5476885268992784,-0.22739408599372332,0.9846152013473589
C1472,2018,2018,2018,USA,"Louisiana (LA), Washington (WA)",31.4522,-92.7749,Coleoptera,Coccinellidae,Harmonia axyridis,Molecular,Decline,NA,-0.994,76,Coleoptera,Coleoptera,Coccinellidae,151,North America,NA,The percentage conversion method uses the effective group size in the table: decrease percentage = 1 - \frac{N_{current}}{N_{ancestral}} × 100%. Take H. axyridis Louisiana as an example: 1-202.302/51999.6 ≈ 99.61%; Washington: 1-223.872/399.447 ≈ 99.44%.,NA,188,coleoptera,coccinellidae,coccinellidae,NA,NA,NA,NA,NA,NA,NA,col,-5.115995809754081,0.0131578947368421,210,NA,0.5806632621507491,0.25939384895789475,0.5179536182007091,-0.22774741655807765,-0.4947319553124813,0.7012842868698661
C1472,2018,2018,2018,USA,"Western USA, Eastern USA",38.26520000000001,-116.2913,Coleoptera,Coccinellidae,Hippodamia convergens,Molecular,Decline,NA,-0.915,117,Coleoptera,Coleoptera,Coccinellidae,152,North America,NA,NA,NA,189,coleoptera,coccinellidae,coccinellidae,NA,NA,NA,NA,NA,NA,NA,col,-2.465104022491821,0.00854700854700854,211,NA,7.20655502016592e-5,0.048749007906009154,0.5948943456702719,-2.0691348143764534,-1.2358496730787452,1.6066113709743763
C1822,2005,2005,2013,Czech Republic,"Pradƒõd National Nature Reserve, Hrub√Ω Jesen√≠k Mts",50.6831,17.230899999999995,Coleoptera,Carabidae,Carabus sylvestris,Field,Decline,Urbanization,-0.3,307,Coleoptera,Coleoptera,Chrysomelidae,154,Europe,NA,Decline/Increase Value,NA,191,coleoptera,carabidae,chrysomelidae,NA,NA,NA,NA,NA,NA,NA,col,-0.35667494393873245,0.00325732899022801,212,Field,0.8324488166253832,0.5378326633389676,0.4408500774788354,0.570808864827099,0.4849072213280515,-0.2059585478626381
C1822,2005,2005,2013,Czech Republic,"Pradƒõd National Nature Reserve, Hrub√Ω Jesen√≠k Mts",50.6831,17.230899999999995,Coleoptera,Carabidae,Poecilus versicolor,Field,Increase,NA,1,10,Coleoptera,Coleoptera,Chrysomelidae,156,Europe,NA,"For example: Poecilus versicolor intercept -6.42, Slope1 = 1.08 → indicates an exponential increase in abundance further from the edge of ski-slope (approximately abundance ×3 for every 1 increase in log scale).",NA,193,coleoptera,carabidae,chrysomelidae,NA,NA,NA,NA,NA,NA,NA,col,0.6931471805599453,0.1,213,Field,0.8324488166253832,0.5378326633389676,0.4408500774788354,0.570808864827099,0.4849072213280515,-0.2059585478626381
C1822,2005,2005,2013,Czech Republic,"Pradƒõd National Nature Reserve, Hrub√Ω Jesen√≠k Mts",50.6831,17.230899999999995,Coleoptera,Carabidae,Trechus striatulus,Field,Decline,Urbanization,-0.42,19,Coleoptera,Coleoptera,Chrysomelidae,159,Europe,NA,NA,NA,196,coleoptera,carabidae,chrysomelidae,NA,NA,NA,NA,NA,NA,NA,col,-0.5447271754416722,0.05263157894736842,214,Field,0.8324488166253832,0.5378326633389676,0.4408500774788354,0.570808864827099,0.4849072213280515,-0.2059585478626381
C1822,2005,2005,2013,Czech Republic,"Pradƒõd National Nature Reserve, Hrub√Ω Jesen√≠k Mts",50.6831,17.230899999999995,Coleoptera,Chrysomelidae,Timarcha metallica,Field,Increase,NA,1,85,Coleoptera,Coleoptera,Chrysomelidae,160,Europe,NA,NA,NA,197,coleoptera,chrysomelidae,chrysomelidae,NA,NA,NA,NA,NA,NA,NA,col,0.6931471805599453,0.01176470588235294,215,Field,0.8324488166253832,0.5378326633389676,0.4408500774788354,0.570808864827099,0.4849072213280515,-0.2059585478626381
L3,1900,2019,2022,Austria; Czech Republic; Germany; France; Italy; Switzerland; Slovakia,Central Europe,50.1434,12.3587,Lepidoptera,Zygaenidae,Jordanita budensis,Historical + Field,Decline,"Multiple, Habitat, Urbanization, Pesticides",-0.729,164,Lepidoptera,Lepidoptera,Zygaenidae,1,Europe,NA,"L3: Decline_Value and Sample_Size were derived from Supplementary Table A2 (BioOffice database summaries by time slices). For each Jordanita species, Table A2 reports the number of localities and observations for three periods (<1950, <1980, >2000) across multiple countries. To quantify the post-2000 decline using a consistent and auditable baseline, we calculated Decline_Value as the proportional change in the number of localities between >2000 and <1980 (summed across all countries): Decline\_Value=\frac{L_{>2000}-L_{<1980}}{L_{<1980}}。where L is the total number of localities. Sample_Size was recorded as the total number of observations (“of observ.”) summed across countries in Table A2, representing the record volume underlying the locality summaries. The six rows correspond to: J. budensis (−0.729; 164), J. notata (−0.251; 652), J. graeca (−0.971; 91), J. chloros (−0.311; 283), J. globulariae (should be −0.626 under the above formula; Sample_Size 1751), and J. subsolana (−0.500; 712)",NA,1,lepidoptera,zygaenidae,zygaenidae,https://academic.oup.com/botlinnean/article/202/3/295/7076252#supplementary-data,NA,NA,NA,NA,NA,NA,lep,-1.305636458102436,0.00609756097560975,216,Historical + Field,0.9973285091566878,0.5761091078485091,0.43004001643804757,1.0937368557456348,0.6195763214942931,-0.33315569510718107
L3,1900,2019,2022,Austria; Czech Republic; Germany; France; Italy; Switzerland; Slovakia,Central Europe,50.1434,12.3587,Lepidoptera,Zygaenidae,Jordanita notata,Historical + Field,Decline,"Multiple, Habitat, Urbanization, Pesticides",-0.251,652,Lepidoptera,Lepidoptera,Zygaenidae,2,Europe,NA,NA,NA,2,lepidoptera,zygaenidae,zygaenidae,Arctiidae,NA,NA,NA,NA,NA,NA,lep,-0.2890162954649176,0.00153374233128834,217,Historical + Field,0.9973285091566878,0.5761091078485091,0.43004001643804757,1.0937368557456348,0.6195763214942931,-0.33315569510718107
L3,1900,2019,2022,Austria; Czech Republic; Germany; France; Italy; Switzerland; Slovakia,Central Europe,50.1434,12.3587,Lepidoptera,Zygaenidae,Jordanita graeca,Historical + Field,Decline,"Multiple, Habitat, Urbanization, Pesticides",-0.971,91,Lepidoptera,Lepidoptera,Zygaenidae,3,Europe,NA,NA,NA,3,lepidoptera,zygaenidae,zygaenidae,Arctiinae,NA,NA,NA,NA,NA,NA,lep,-3.5404594489956622,0.01098901098901099,218,Historical + Field,0.9973285091566878,0.5761091078485091,0.43004001643804757,1.0937368557456348,0.6195763214942931,-0.33315569510718107
L3,1900,2019,2022,Austria; Czech Republic; Germany; France; Italy; Switzerland; Slovakia,Central Europe,50.1434,12.3587,Lepidoptera,Zygaenidae,Jordanita chloros,Historical + Field,Decline,"Multiple, Habitat, Urbanization, Pesticides",-0.311,283,Lepidoptera,Lepidoptera,Zygaenidae,4,Europe,NA,NA,NA,4,lepidoptera,zygaenidae,zygaenidae,NA,NA,NA,NA,NA,NA,NA,lep,-0.3725140079684784,0.00353356890459363,219,Historical + Field,0.9973285091566878,0.5761091078485091,0.43004001643804757,1.0937368557456348,0.6195763214942931,-0.33315569510718107
L3,1900,2019,2022,Austria; Czech Republic; Germany; France; Italy; Switzerland; Slovakia,Central Europe,50.1434,12.3587,Lepidoptera,Zygaenidae,Jordanita globulariae,Historical + Field,Decline,"Multiple, Habitat, Urbanization, Pesticides",-0.626,1751,Lepidoptera,Lepidoptera,Zygaenidae,5,Europe,NA,NA,NA,5,lepidoptera,zygaenidae,zygaenidae,Crambidae,NA,NA,NA,NA,NA,NA,lep,-0.9834994815676052,5.711022272986865e-4,220,Historical + Field,0.9973285091566878,0.5761091078485091,0.43004001643804757,1.0937368557456348,0.6195763214942931,-0.33315569510718107
L3,1900,2019,2022,Austria; Czech Republic; Germany; France; Italy; Switzerland; Slovakia,Central Europe,50.1434,12.3587,Lepidoptera,Zygaenidae,Jordanita subsolana,Historical + Field,Decline,"Multiple, Habitat, Urbanization, Pesticides",-0.5,712,Lepidoptera,Lepidoptera,Zygaenidae,6,Europe,NA,NA,NA,6,lepidoptera,zygaenidae,zygaenidae,Erebidae,NA,NA,NA,NA,NA,NA,lep,-0.6931471805599453,0.00140449438202247,221,Historical + Field,0.9973285091566878,0.5761091078485091,0.43004001643804757,1.0937368557456348,0.6195763214942931,-0.33315569510718107
L8,2008,2012,2014,Ireland,Nationwide,53.4129,-8.24389999999999,Lepidoptera,Lycaenidae,Polyommatus icarus,Field,Increase (steep),NA,1.47,268,Lepidoptera,Lepidoptera,Lycaenidae,7,Europe,NA,"L8: Decline_Value and Sample_Size were extracted from Table 1 of the 5-year butterfly monitoring scheme (2008–2012). Decline_Value represents the reported population change over the 2008–2012 period for each species and is recorded using our percentage-change convention (e.g., +1.47 = +147% change; −0.29 = −29% change). For species labelled ‘Uncertain’ in Table 1, the paper does not provide a quantitative population-change estimate; therefore Decline_Value was recorded as NA (these correspond to rows with Sample_Size 433, 200, 409, 200, 309, and 414). Sample_Size is the sum of annual transect counts across 2008–2012 (transect-years) for each species, used as a proxy for sampling effort. The authors note that some short-term changes may be influenced by interannual weather variability (e.g., unusually cool/wet conditions in 2012) and emphasise that drivers of butterfly population change are multiple; no species-specific causal attribution is directly reported.",NA,7,lepidoptera,lycaenidae,lycaenidae,Gelechioidea,NA,NA,NA,NA,NA,NA,lep,0.9042181506398858,0.00373134328358208,222,Field,0.7484562140251254,0.23386066937809674,0.40727113837815193,0.3044201892087685,-0.5845660651012654,-0.6010668867507867
L8,2008,2012,2014,Ireland,Nationwide,53.4129,-8.24389999999999,Lepidoptera,Nymphalidae,Maniola jurtina,Field,Increase (steep),NA,0.81,428,Lepidoptera,Lepidoptera,Nymphalidae,8,Europe,NA,NA,NA,8,lepidoptera,nymphalidae,nymphalidae,Geometridae,NA,NA,NA,NA,NA,NA,lep,0.5933268452777344,0.00233644859813084,223,Field,0.7484562140251254,0.23386066937809674,0.40727113837815193,0.3044201892087685,-0.5845660651012654,-0.6010668867507867
L8,2008,2012,2014,Ireland,Nationwide,53.4129,-8.24389999999999,Lepidoptera,Nymphalidae,Aglais urticae,Field,Increase (moderate),NA,0.51,422,Lepidoptera,Lepidoptera,Nymphalidae,9,Europe,NA,NA,NA,9,lepidoptera,nymphalidae,nymphalidae,Hesperiidae,NA,NA,NA,NA,NA,NA,lep,0.412109650826833,0.00236966824644549,224,Field,0.7484562140251254,0.23386066937809674,0.40727113837815193,0.3044201892087685,-0.5845660651012654,-0.6010668867507867
L8,2008,2012,2014,Ireland,Nationwide,53.4129,-8.24389999999999,Lepidoptera,Pieridae,Pieris rapae,Field,Decline,Climate,-0.29000000000000004,399,Lepidoptera,Lepidoptera,Pieridae,10,Europe,NA,NA,NA,10,lepidoptera,pieridae,pieridae,Incurvariidae,NA,NA,NA,NA,NA,NA,lep,-0.342490308946776,0.0025062656641604,225,Field,0.7484562140251254,0.23386066937809674,0.40727113837815193,0.3044201892087685,-0.5845660651012654,-0.6010668867507867
L8,2008,2012,2014,Ireland,Nationwide,53.4129,-8.24389999999999,Lepidoptera,Nymphalidae,Pararge aegeria,Field,Decline,Climate,-0.3,447,Lepidoptera,Lepidoptera,Nymphalidae,11,Europe,NA,NA,NA,11,lepidoptera,nymphalidae,nymphalidae,Ithomiinae,NA,NA,NA,NA,NA,NA,lep,-0.35667494393873245,0.00223713646532438,226,Field,0.7484562140251254,0.23386066937809674,0.40727113837815193,0.3044201892087685,-0.5845660651012654,-0.6010668867507867
L8,2008,2012,2014,Ireland,Nationwide,53.4129,-8.24389999999999,Lepidoptera,Lycaenidae,Celastrina argiolus,Field,Decline,Climate,-0.36,211,Lepidoptera,Lepidoptera,Lycaenidae,12,Europe,NA,NA,NA,12,lepidoptera,lycaenidae,lycaenidae,Lycaenidae,NA,NA,NA,NA,NA,NA,lep,-0.4462871026284195,0.00473933649289099,227,Field,0.7484562140251254,0.23386066937809674,0.40727113837815193,0.3044201892087685,-0.5845660651012654,-0.6010668867507867
L8,2008,2012,2014,Ireland,Nationwide,53.4129,-8.24389999999999,Lepidoptera,Pieridae,Leptidea juvernica,Field,Decline,Climate,-0.4300000000000001,227,Lepidoptera,Lepidoptera,Pieridae,10,Europe,NA,NA,NA,13,lepidoptera,pieridae,pieridae,Noctuidae,NA,NA,NA,NA,NA,NA,lep,-0.5621189181535413,0.00440528634361233,228,Field,0.7484562140251254,0.23386066937809674,0.40727113837815193,0.3044201892087685,-0.5845660651012654,-0.6010668867507867
L8,2008,2012,2014,Ireland,Nationwide,53.4129,-8.24389999999999,Lepidoptera,Nymphalidae,Inachis io,Field,Decline,Climate,-0.41,421,Lepidoptera,Lepidoptera,Nymphalidae,11,Europe,NA,NA,NA,14,lepidoptera,nymphalidae,nymphalidae,Nymphalidae,NA,NA,NA,NA,NA,NA,lep,-0.527632742082372,0.00237529691211401,229,Field,0.7484562140251254,0.23386066937809674,0.40727113837815193,0.3044201892087685,-0.5845660651012654,-0.6010668867507867
L8,2008,2012,2014,Ireland,Nationwide,53.4129,-8.24389999999999,Lepidoptera,Pieridae,Pieris brassicae,Field,Decline,Climate,-0.53,416,Lepidoptera,Lepidoptera,Pieridae,10,Europe,NA,NA,NA,15,lepidoptera,pieridae,pieridae,Papilionidae,NA,NA,NA,NA,NA,NA,lep,-0.7550225842780328,0.00240384615384615,230,Field,0.7484562140251254,0.23386066937809674,0.40727113837815193,0.3044201892087685,-0.5845660651012654,-0.6010668867507867
L22,1995,2018,2020,Canade,Ontario – Long Point peninsula (Tip & Breakwater),42.5833,-80.4167,Lepidoptera,Nymphalidae,Danaus plexippus,Historical,Stable,"Multiple, Habitat, Pesticides, Climate",-0.726,24,Lepidoptera,Lepidoptera,Nymphalidae,19,North America,NA,"L22: This study analysed fall migration count data for the Monarch butterfly (Danaus plexippus, Nymphalidae) from multiple Lake Erie shoreline sites in Ontario, Canada.  The paper reports trends as annual rates of change (% per year) from Bayesian log-linear models.  Over the full Long Point time series (1995–2018), migration counts showed a significant decline of −5.25% per year (CI: −8.60, −1.39).   To standardise to the database proportional-change metric, we converted the annual rate r to an overall proportional change across the study period using compound change: Decline\_Value = (1+r)^{T}-1, with r=-0.0525 and T=24 years (1995–2018 inclusive), yielding Decline_Value ≈ −0.726.  Sample_Size was recorded as the number of years in the analysed time series (T = 24).",NA,28,lepidoptera,nymphalidae,nymphalidae,"Chrysopidae (possible error, Neuroptera)这个不是鳞翅目，去看看原文",NA,NA,NA,NA,NA,NA,lep,-1.2946271725940668,0.04166666666666666,231,Historical,0,0.23210975527763367,0.40523273537771015,-2.069363375534003,-0.5907263558335712,-0.625051862007875
L23,1968,1998,2002,UK,Great Britain,55.3781,-3.43599999999999,Lepidoptera,Erebidae,Arctia caja,Historical,Decline,Climate,-0.28,406,Lepidoptera,Lepidoptera,Erebidae,20,Europe,NA,"L23: Data were derived from the Rothamsted Insect Survey standard light-trap network across Great Britain (1968–1998), comprising 406 trapping sites (one trap per site); therefore Sample_Size was recorded as N = 406 sites.    The paper directly reports an abrupt decline in Arctia caja abundance: mean captures fluctuated near 4.2 captures per site until 1983 and then dropped to an average of 3.0 captures per site after 1984, corresponding to a 28% decrease, which was recorded as Decline_Value = −0.28 under the percentage-change convention.    (The study also reports a later decline in occupancy from ~0.60 to ~0.42, ~30%, but this refers to site occupancy rather than mean abundance.)",NA,29,lepidoptera,erebidae,erebidae,NA,NA,NA,NA,NA,NA,NA,lep,-0.3285040669720361,0.00246305418719211,232,Historical,0.7245857337109405,0.1770232304420259,0.37824290025532425,0.22871321692297777,-0.7845388383134254,-0.9426291651530432
L37,2019,1994,2017,UK,"Alun Valley, Glamorgan Brackenlands (Wales)",52.4084,-1.2851,Lepidoptera,Nymphalidae,Argynnis adippe,Field,Increase,NA,4.9300000000000015,54,Lepidoptera,Lepidoptera,Nymphalidae,34,Europe,NA,"L37：This study reports Argynnis adippe abundance changes for four separate landscapes/networks with explicit percentage changes in the Results: Alun Valley +1244% (1994–2017), Dart Valley −49% (1992–2017), Heddon Valley +870% (2002–2017), and Morecambe Bay −92% (1990–2017).  To avoid pseudo-replication in the meta-dataset, these were consolidated into a single study-level entry by converting each percentage to our proportional-change metric (e.g., +1244% → +12.44; −49% → −0.49) and taking the unweighted mean across the four landscapes (Decline_Value = 4.93). Sample_Size (54) was recorded as a coverage proxy by summing the site/network counts referenced for each landscape (1 + 11 + 16 + 26).  The resulting value represents an average across landscapes and includes both increases and declines.",NA,44,lepidoptera,nymphalidae,nymphalidae,NA,NA,NA,NA,NA,NA,NA,lep,1.7800242130096344,0.01851851851851851,233,Field,0.9755306394350804,0.6974636943392918,0.42856951338499916,1.0246033193784443,1.0465416045337395,-0.350458446003444
L39,2003,2020,2020,USA,Louisiana sugarcane region,30.8031,-92.4938,Lepidoptera,Crambidae,Diatraea saccharalis,Field,Decline,Pesticides,-0.7,813,Lepidoptera,Lepidoptera,Crambidae,43,North America,NA,The estimated decline rate is inferred from fig2,NA,53,lepidoptera,crambidae,crambidae,NA,NA,NA,NA,NA,NA,NA,lep,-1.203972804325936,0.001230012300123,234,Field,0.6056559721743762,0.16742126880399816,0.5159042945803942,-0.14848121075906195,-0.8183216922381579,0.6771708135692649
L50,1985,2015,2020,USA,"Upper Midwest (ND, SD, MN, IA, WI, MI)",44.10230000000001,-95.0750999999999,Lepidoptera,Hesperiidae,Oarisma poweshiek,Historical + Field (aggregated occurrence records; extensive surveys; ENM),Decline,"Multiple, Habitat, Climate, Pesticides",-0.954,218,Lepidoptera,Lepidoptera,Hesperiidae,56,North America,NA,"L50: Decline_Value was based on the change in the number of occupied sites (sites with occurrence records) reported in Fig. 1 for Oarisma poweshiek. Fig. 1 lists 1985 (n = 218 occupied sites) and 2010 (n = 10 occupied sites).  We calculated proportional change using our percentage-change convention: Decline\_Value = \frac{N_{2010}-N_{1985}}{N_{1985}} = \frac{10-218}{218} = -0.954. Thus, Decline_Value represents a ~95.4% reduction in occupied sites between 1985 and 2010. Sample_Size = 218 corresponds to the baseline number of occupied sites in 1985 (the denominator used to compute the proportional decline). This effect size reflects range/occupancy contraction (site occupancy) rather than a per-capita abundance trend.",NA,70,lepidoptera,hesperiidae,hesperiidae,NA,NA,NA,NA,NA,NA,NA,lep,-3.0791138824930435,0.00458715596330275,235,Historical + Field,0.7602261031232322,0.46892191857552556,0.37482640079909824,0.3417492523875976,0.24245659384709645,-0.9828295842584297
L64,1997,2020,2022,Finland,"Archipelago Sea, Southwest Finland",59.9147,21.8775,Lepidoptera,Papilionidae,Parnassius apollo,Historical + Field,Decline,"Multiple, Habitat, Climate",-0.73,409,Lepidoptera,Lepidoptera,Papilionidae,60,Europe,NA,"L64:DeclineValue was recorded as a proportional change in island occupancy by larvae (site occupancy, not individual abundance).The paper states in the Discussion that occupancy decreased from about 75% of islands in the historical surveys (1997 and 1999–2003) to about 20% of islands in the recent surveys (2019–2020)The paper reports that occupancy decreased from about 75% of islands historically to about 20% in recent years.  Using the database convention, we calculated Decline_Value ≈ (0.20 − 0.75)/0.75 = −0.73 (approx.).Sample_Size was recorded as 409, defined as the total number of surveyed islands (n) across the four endpoint survey years used to represent the historical vs recent comparison: 1997 n=127, 2003 n=74, 2019 n=118, and 2020 n=90 (127+74+118+90=409), as reported in Table 1A.    This Sample_Size is therefore a sampling-effort proxy (surveyed sites) rather than the number of unique islands (some islands may have been revisited across years). The paper also reports that the total dataset comprises 743 site observations across 8 survey years, but we used the summed ‘n’ from the selected comparison years to match the decline definition above.",NA,74,lepidoptera,papilionidae,papilionidae,NA,NA,NA,NA,NA,NA,NA,lep,-1.3093333199837622,0.00244498777506112,236,Historical + Field,0,0.004239020403474569,0.39427448355184036,-2.069363375534003,-1.392450424328846,-0.7539927038568454
L89,1990,1992,2000,Canada,Northern New Brunswick (managed stand; low‚Äìvery light),47.21,-67.48,Lepidoptera,Tortricidae,Zeiraphera canadensis,Field,Increase,NA,0.16,4,Lepidoptera,Lepidoptera,Tortricidae,62,North America,NA,L89: Unmanaged stand (Fig.3): Egg log density digitised (WebPlotDigitizer) at 1989 and 1992; Decline_Value computed as exp(Δlog)-1 using Start=1989 and End=1992 (approx. increase). Sample_Size=4 years (1989–1992).,NA,76,lepidoptera,tortricidae,tortricidae,NA,NA,NA,NA,NA,NA,NA,lep,0.14842000511827322,0.25,237,Field,0.08471075001773655,0.05841404733395249,0.3362766962280907,-1.8006970429135272,-1.2018448907769845,-1.4364266943996975
L89,1988,1992,2000,Canada,Northern New Brunswick (managed stand; high‚Äìsevere),47.4,-67.6699999999999,Lepidoptera,Tortricidae,Zeiraphera canadensis,Field,Decline,Habitat,-0.98,5,Lepidoptera,Lepidoptera,Tortricidae,65,North America,NA,L89: Managed high-severe stand (Fig.1): Egg log density digitised (WebPlotDigitizer) at 1988 and 1992; Decline_Value computed as exp(Δlog)-1 using Start=1988 and End=1992 (approx. 98% decline). Sample_Size=5 years (1988–1992).,NA,79,lepidoptera,tortricidae,tortricidae,NA,NA,NA,NA,NA,NA,NA,lep,-3.912023005428145,0.2,238,Field,0.5593560567465118,0.03009942290681842,0.3364292448856799,-0.29532477519495726,-1.3014650368487208,-1.4346317226610446
L89,1990,1992,2000,Canada,Northern New Brunswick (managed stand; low‚Äìold),47.37,-67.69,Lepidoptera,Tortricidae,Zeiraphera canadensis,Field,Stable,NA,0.05,4,Lepidoptera,Lepidoptera,Tortricidae,66,North America,NA,L89: Managed low-light stand (Fig.2): Egg log density digitised (WebPlotDigitizer) at 1989 and 1992; Decline_Value computed as exp(Δlog)-1 using Start=1989 and End=1992 (near-stable). Sample_Size=4 years (1989–1992).,NA,80,lepidoptera,tortricidae,tortricidae,NA,NA,NA,NA,NA,NA,NA,lep,0.04879016416943205,0.25,239,Field,0.7406593270577733,0.024074241380401463,0.3373518641971502,0.27969179255384236,-1.322663603875984,-1.423775674395549
L122,1994,2017,2018,USA,"Cross Creek, Alachua County, North-central Florida",29.5297,-82.198,Lepidoptera,Nymphalidae,Danaus plexippus,Field,Decline,"Multiple, Habitat, Pesticides",-0.88,865,Lepidoptera,Lepidoptera,Nymphalidae,69,North America,NA,"L122: Decline_Value (−0.88) was extracted directly from the Results, where the authors report a highly significant decrease in adult monarch abundance (adults per hour) over 2005–2017, quantified as an 88% decline by linear regression.    Sample_Size (865) was recorded as the total number of adult individuals observed/captured in the survey dataset (sampling-effort proxy), as stated in the figure caption (‘based on observations of a total of 865 adults’).    Sample_Size therefore reflects the cumulative number of individuals contributing to the monitoring record, rather than the number of annual data points used in the regression",NA,83,lepidoptera,nymphalidae,nymphalidae,NA,NA,NA,NA,NA,NA,NA,lep,-2.120263536200091,0.00115606936416184,240,Field,0.7361621743281569,0.13002203104925691,0.529711541800318,0.2654287441113812,-0.9499044910030442,0.839634508366908
L138,2016,2017,2024,UK,"Warton Crag Nature Reserve, Lancashire（Morecambe Bay Limestones）",54.1484,-2.7799,Lepidoptera,Nymphalidae,Boloria selene,Field,Decline,"Multiple, Habitat, Climate",0.109,356,Lepidoptera,Lepidoptera,Nymphalidae,70,Europe,NA,"L138: Decline_Value was calculated from Supplementary Table S1 using the open-population Jolly–Seber (JS) estimates of total population size for each species. Specifically, we used the JS ‘Population estimate (total)’ for 2016 and 2017 and computed proportional change as:Decline\_Value = \frac{N_{2017}-N_{2016}}{N_{2016}}, (where positive values indicate an increase). Sample_Size was recorded as an individual-based sampling-effort proxy, defined as the sum of ‘Number marked (total)’ across 2016 and 2017 (i.e., the total number of uniquely marked individuals contributing to the MRR estimates in Table S1). All values were extracted directly from Table S1.",NA,84,lepidoptera,nymphalidae,nymphalidae,NA,NA,NA,NA,NA,NA,NA,lep,0.10345870836822996,0.00280898876404494,241,Field,0.7851166966034585,0.5708753159375619,0.40408903757799874,0.4206915881086171,0.6011621229934654,-0.6385092418398902
L138,2016,2017,2024,UK,"Warton Crag Nature Reserve, Lancashire（Morecambe Bay Limestones）",54.1484,-2.7799,Lepidoptera,Nymphalidae,Boloria euphrosyne,Field,Decline,"Multiple, Habitat, Climate",0.33799999999999997,131,Lepidoptera,Lepidoptera,Nymphalidae,71,Europe,NA,NA,NA,85,lepidoptera,nymphalidae,nymphalidae,NA,NA,NA,NA,NA,NA,NA,lep,0.29117596170603677,0.00763358778625954,242,Field,0.7851166966034585,0.5708753159375619,0.40408903757799874,0.4206915881086171,0.6011621229934654,-0.6385092418398902
L157,1972,2014,2016,USA,"Northern California elevational transect (10 sites: Suisun Marsh, Gates Canyon, West Sacramento, North Sacramento, Rancho Cordova, Washington, Lang Crossing, Castle Peak, Donner Pass, Sierra Valley); plus CA coastal overwintering counties (Marin, Monterey, San Luis Obispo, San Diego, Santa Barbara, Santa Cruz).",39.808,-121.2271,Lepidoptera,Nymphalidae,Danaus plexippus,Field,Decline,Habitat,-0.45,10,Lepidoptera,Lepidoptera,Nymphalidae,79,North America,NA,"L157: Decline_Value was standardised from the study’s across-site temporal trend reported for western monarch day-positives (presence/absence) on the Northern California elevational transect. The paper reports an across-site year coefficient of −0.6 on the log-odds scale (i.e., a log odds ratio), and explicitly gives the corresponding odds ratio = 0.55 per year after exponentiation.    To express this result in the database proportional-change convention, we converted the log-odds coefficient to a proportional change as Decline_Value = exp(−0.6) − 1 = −0.45, which represents an ~45% per-year decrease in the odds of observing monarchs (not a cumulative multi-decade percent decline). Sample_Size was recorded as 10 monitoring sites comprising the focal elevational transect used for the long-term summer-breeding monitoring dataset.",NA,93,lepidoptera,nymphalidae,nymphalidae,NA,NA,NA,NA,NA,NA,NA,lep,-0.5978370007556204,0.1,243,Field,0,0.022763435581561013,0.45452193728542667,-2.069363375534003,-1.3272754490900434,-0.04508789612772492
L295,2011,2015,2017,Czech Republic,Pardubice District (Eastern Bohemia),50.05,15.5667,Lepidoptera,Lycaenidae,Phengaris teleius,Field,Decline (projected),"Multiple, Habitat, Urbanization",-0.193,6122,Lepidoptera,Lepidoptera,Lycaenidae,104,Europe,NA,"L295:Decline_Value was derived from Table 4 using Scenario B (metapopulation including all 13 habitat patches on both river banks). For each species, we used the four annual % decline values reported for 2011, 2013, 2014, and 2015 (Scenario B) and calculated a single study-level effect size as their arithmetic mean; the mean % decline was then converted to the database proportional-change convention (e.g., 19.3% → −0.193).    Sample_Size was recorded as the total number of captured individuals (n) summed across all patches and all four survey years from the patch-by-year capture tables (Table 2 for P. teleius; Table 3 for P. nausithous), representing the cumulative number of observed/captured individuals contributing to the monitoring dataset.”",NA,120,lepidoptera,lycaenidae,lycaenidae,NA,NA,NA,NA,NA,NA,NA,lep,-0.21443161071218833,1.633453119895459e-4,244,Field,1,0.5626008824201523,0.4618378662261974,1.102209684133432,0.5720499489017163,0.04099536345782913
L295,2011,2015,2017,Czech Republic,Pardubice District (Eastern Bohemia),50.05,15.5667,Lepidoptera,Lycaenidae,Phengaris nausithous,Field,Decline (projected),"Multiple, Habitat, Urbanization",-0.14600000000000002,1627,Lepidoptera,Lepidoptera,Lycaenidae,105,Europe,NA,NA,NA,121,lepidoptera,lycaenidae,lycaenidae,NA,NA,NA,NA,NA,NA,NA,lep,-0.15782408519356722,6.146281499692685e-4,245,Field,1,0.5626008824201523,0.4618378662261974,1.102209684133432,0.5720499489017163,0.04099536345782913
L304,2002,2013,2015,USA,Northern Wisconsin (muskegs NE/NC/NW; kettleholes; Lake Superior coastal peatlands),46.095000000000006,-90.3849999999999,Lepidoptera,Lycaenidae,Callophrys augustinus,Field,Increase,NA,0.225,82,Lepidoptera,Lepidoptera,Lycaenidae,106,North America,NA,NA,NA,122,lepidoptera,lycaenidae,lycaenidae,NA,NA,NA,NA,NA,NA,NA,lep,0.2029408439966904,0.01219512195121951,246,Field,0.6116799379535784,0.035098665161890405,0.33392928859552984,-0.12937576318138544,-1.283876061053548,-1.4640475887827367
L304,2002,2013,2015,USA,Northern Wisconsin (muskegs NE/NC/NW; kettleholes; Lake Superior coastal peatlands),46.095000000000006,-90.3849999999999,Lepidoptera,Nymphalidae,Boloria freija,Field,Increase,NA,0.15800000000000006,79,Lepidoptera,Lepidoptera,Nymphalidae,107,North America,NA,"L304: Values recorded in the Decline_Value column correspond to the Spearman rank correlation coefficient (r) reported in Table 4 of the study, which quantifies the direction and strength of monotonic temporal trends in butterfly abundance versus year over the 12-year monitoring period. Positive r indicates increasing abundance through time, negative r indicates decreasing abundance, and the magnitude of |r| reflects how consistently abundance changes with year (non-parametric trend metric). Sample_Size corresponds to N in Table 4, i.e., the number of abundance–year observations (site-year time-series points) used to compute the Spearman correlation for the specified species and subregion/bog-type stratum.",NA,123,lepidoptera,nymphalidae,nymphalidae,NA,NA,NA,NA,NA,NA,NA,lep,0.14669437915080363,0.01265822784810126,247,Field,0.6116799379535784,0.035098665161890405,0.33392928859552984,-0.12937576318138544,-1.283876061053548,-1.4640475887827367
L304,2002,2013,2015,USA,Northern Wisconsin (muskegs NE/NC/NW; kettleholes; Lake Superior coastal peatlands),46.095000000000006,-90.3849999999999,Lepidoptera,Nymphalidae,Erebia discoidalis,Field,Increase,NA,0.037,71,Lepidoptera,Lepidoptera,Nymphalidae,108,North America,NA,NA,NA,124,lepidoptera,nymphalidae,nymphalidae,NA,NA,NA,NA,NA,NA,NA,lep,0.0363319292473902,0.01408450704225352,248,Field,0.6116799379535784,0.035098665161890405,0.33392928859552984,-0.12937576318138544,-1.283876061053548,-1.4640475887827367
L304,2002,2013,2015,USA,Northern Wisconsin (muskegs NE/NC/NW; kettleholes; Lake Superior coastal peatlands),46.095000000000006,-90.3849999999999,Lepidoptera,Nymphalidae,Boloria frigga,Field,Stable,NA,0.048,46,Lepidoptera,Lepidoptera,Nymphalidae,109,North America,NA,NA,NA,125,lepidoptera,nymphalidae,nymphalidae,NA,NA,NA,NA,NA,NA,NA,lep,0.04688358589885046,0.0217391304347826,249,Field,0.6116799379535784,0.035098665161890405,0.33392928859552984,-0.12937576318138544,-1.283876061053548,-1.4640475887827367
L304,2002,2013,2015,USA,Northern Wisconsin (muskegs NE/NC/NW; kettleholes; Lake Superior coastal peatlands),46.095000000000006,-90.3849999999999,Lepidoptera,Nymphalidae,Oeneis jutta,Field,Stable,NA,0.066,76,Lepidoptera,Lepidoptera,Nymphalidae,110,North America,NA,NA,NA,126,lepidoptera,nymphalidae,nymphalidae,NA,NA,NA,NA,NA,NA,NA,lep,0.06391332574365285,0.0131578947368421,250,Field,0.6116799379535784,0.035098665161890405,0.33392928859552984,-0.12937576318138544,-1.283876061053548,-1.4640475887827367
L304,2002,2013,2015,USA,Northern Wisconsin (muskegs NE/NC/NW; kettleholes; Lake Superior coastal peatlands),46.095000000000006,-90.3849999999999,Lepidoptera,Nymphalidae,Boloria eunomia,Field,Stable,NA,0.064,50,Lepidoptera,Lepidoptera,Nymphalidae,111,North America,NA,NA,NA,127,lepidoptera,nymphalidae,nymphalidae,NA,NA,NA,NA,NA,NA,NA,lep,0.0620353909194527,0.02,251,Field,0.6116799379535784,0.035098665161890405,0.33392928859552984,-0.12937576318138544,-1.283876061053548,-1.4640475887827367
L304,2002,2013,2015,USA,Northern Wisconsin (muskegs NE/NC/NW; kettleholes; Lake Superior coastal peatlands),46.095000000000006,-90.3849999999999,Lepidoptera,Nymphalidae,Coenonympha tullia,Field,Decline,"Multiple, Habitat, Climate",-0.367,94,Lepidoptera,Lepidoptera,Nymphalidae,112,North America,NA,NA,NA,128,lepidoptera,nymphalidae,nymphalidae,NA,NA,NA,NA,NA,NA,NA,lep,-0.4572848568379608,0.01063829787234042,252,Field,0.6116799379535784,0.035098665161890405,0.33392928859552984,-0.12937576318138544,-1.283876061053548,-1.4640475887827367
L304,2002,2013,2015,USA,Northern Wisconsin (muskegs NE/NC/NW; kettleholes; Lake Superior coastal peatlands),46.095000000000006,-90.3849999999999,Lepidoptera,Lycaenidae,Lycaena dorcas,Field,Increase,NA,0.11799999999999998,94,Lepidoptera,Lepidoptera,Lycaenidae,113,North America,NA,NA,NA,129,lepidoptera,lycaenidae,lycaenidae,NA,NA,NA,NA,NA,NA,NA,lep,0.11154137473290732,0.01063829787234042,253,Field,0.6116799379535784,0.035098665161890405,0.33392928859552984,-0.12937576318138544,-1.283876061053548,-1.4640475887827367
L304,2002,2013,2015,USA,Northern Wisconsin (muskegs NE/NC/NW; kettleholes; Lake Superior coastal peatlands),46.095000000000006,-90.3849999999999,Lepidoptera,Lycaenidae,Lycaena epixanthe,Field,Decline,"Multiple, Habitat, Climate",-0.223,97,Lepidoptera,Lepidoptera,Lycaenidae,114,North America,NA,NA,NA,130,lepidoptera,lycaenidae,lycaenidae,NA,NA,NA,NA,NA,NA,NA,lep,-0.25231492861448956,0.01030927835051546,254,Field,0.6116799379535784,0.035098665161890405,0.33392928859552984,-0.12937576318138544,-1.283876061053548,-1.4640475887827367
L304,2002,2013,2015,USA,Northern Wisconsin (muskegs NE/NC/NW; kettleholes; Lake Superior coastal peatlands),46.095000000000006,-90.3849999999999,Lepidoptera,Nymphalidae,Boloria montinus,Field,Decline,"Multiple, Habitat, Climate",-0.351,88,Lepidoptera,Lepidoptera,Nymphalidae,115,North America,NA,NA,NA,131,lepidoptera,nymphalidae,nymphalidae,NA,NA,NA,NA,NA,NA,NA,lep,-0.43232256227804705,0.01136363636363636,255,Field,0.6116799379535784,0.035098665161890405,0.33392928859552984,-0.12937576318138544,-1.283876061053548,-1.4640475887827367
L494,2013,2017,2019,Brazil,"Planaltina, Federal District (Cerrado)",-15.5917,-47.7083,Lepidoptera,Noctuidae,Anicla infecta,Field,Decline,Climate,-0.895,459,Lepidoptera,Lepidoptera,Noctuidae,116,South America,NA,"L494: Sample_Size was recorded as the total number of individuals collected for each species across the full study period (2013/2014–2016/2017), as reported in the Abstract (A. infecta n=459; E. agrotina n=1809; S. frugiperda n=2451).     Decline_Value was calculated from Table 1 as the proportional change in total abundance between the first and last crop seasons (CS1 vs CS4), using the database convention: Decline_Value = (CS4 − CS1) / CS1.  CS-specific totals were taken directly from Table 1 (CS1 and CS4 columns), yielding −0.895 (296→31) for A. infecta, −0.964 (1516→55) for E. agrotina, and −0.920 (1337→107) for S. frugiperda",NA,132,lepidoptera,noctuidae,noctuidae,NA,NA,NA,NA,NA,NA,NA,lep,-2.2537949288246137,0.00217864923747276,256,Field,0.9975971648190634,0.4513072449484576,0.5660967485101933,1.0945889168067522,0.18048238810580963,1.2677629414938538
L494,2013,2017,2019,Brazil,"Planaltina, Federal District (Cerrado)",-15.5917,-47.7083,Lepidoptera,Noctuidae,Elaphria agrotina,Field,Decline,Climate,-0.964,1809,Lepidoptera,Lepidoptera,Noctuidae,117,South America,NA,NA,NA,133,lepidoptera,noctuidae,noctuidae,NA,NA,NA,NA,NA,NA,NA,lep,-3.324236340526026,5.52791597567717e-4,257,Field,0.9975971648190634,0.4513072449484576,0.5660967485101933,1.0945889168067522,0.18048238810580963,1.2677629414938538
L494,2013,2017,2019,Brazil,"Planaltina, Federal District (Cerrado)",-15.5917,-47.7083,Lepidoptera,Noctuidae,Spodoptera frugiperda,Field,Decline,Climate,-0.92,2451,Lepidoptera,Lepidoptera,Noctuidae,118,South America,NA,NA,NA,134,lepidoptera,noctuidae,noctuidae,NA,NA,NA,NA,NA,NA,NA,lep,-2.525728644308256,4.079967360261118e-4,258,Field,0.9975971648190634,0.4513072449484576,0.5660967485101933,1.0945889168067522,0.18048238810580963,1.2677629414938538
L818,1992,2015,2017,Australia,Northern New South Wales ,-30.1755,149.6044,Lepidoptera,Noctuidae,Helicoverpa punctigera,Field,Decline,"Multiple, Habitat, Climate",-0.611,248,Lepidoptera,Lepidoptera,Noctuidae,123,Oceania,NA,"L818: Decline_Value was derived from the multiple regression reported in Table 3 for 1st-generation Helicoverpa punctigera (mostly spring migrants). Trap catches were analysed on a log(x+1) scale, and the fitted ‘Year’ coefficient for the 1st generation was β = −0.041.  To express this trend as a study-period proportional change under the database convention, we converted the log-scale coefficient to a cumulative proportional change over the monitoring duration (1992–2015; 23 years) using: Decline\_Value = \exp(\beta \times 23) – 1. which gives \exp(-0.041\times 23)-1 \approx -0.611 (≈61.1% decline over the study period). Sample_Size was recorded as the number of observations used in the 1st-generation regression, inferred from Table 3 total df (247), hence N = 248",NA,139,lepidoptera,noctuidae,noctuidae,NA,NA,NA,NA,NA,NA,NA,lep,-0.9441759353636908,0.00403225806451612,259,Field,0.6351162460164241,0.3791899903454906,0.6554926026649474,-0.05504579991119737,-0.07324979387416312,2.3196439235780413
L1254,2014,2015,2019,Belgium,Northern Belgium (multi-site),50.4481,4.806,Lepidoptera,Multiple,Assemblage: Butterflies (multiple spp.),Field,Decline,"Multiple, Urbanization, Climate",-0.8400000000000001,4413,Lepidoptera,Lepidoptera,Multiple,126,Europe,NA,"L1254: Study-level records are community/assemblage outcomes (not single-species trends). Sample_Size was recorded as the total number of individuals observed/captured during the standardized surveys: 4,413 butterfly observations and 3,067 macro-moth individuals (Methods, species sampling).  Decline_Value was taken directly from the Results describing the modelled change in abundance along the urbanization gradient: when contrasting sites differing by 25% built-up cover (BUC) at the best-fitting spatial scale, abundance was estimated to decline by −84% for butterflies and −89% for macro-moths, recorded as proportional changes (−0.84 and −0.89, respectively).    This effect represents a regression-based urbanization contrast, not a temporal (year-to-year) population trend.",NA,143,lepidoptera,multiple,multiple,NA,NA,NA,NA,NA,NA,NA,lep,-1.8325814637483109,2.2660321776569228e-4,260,Field,0.952000426395913,0.702429186149072,0.44962575112861164,0.9499755296151854,1.0640118351801429,-0.10269912599731178
L1254,2014,2015,2019,Belgium,Northern Belgium (multi-site),50.4481,4.806,Lepidoptera,Multiple,Assemblage: Macro-moths (multiple spp.),Field,Decline,"Multiple, Urbanization, Climate",-0.89,3067,Lepidoptera,Lepidoptera,Multiple,127,Europe,NA,NA,NA,144,lepidoptera,multiple,multiple,NA,NA,NA,NA,NA,NA,NA,lep,-2.207274913189721,3.2605151613955004e-4,261,Field,0.952000426395913,0.702429186149072,0.44962575112861164,0.9499755296151854,1.0640118351801429,-0.10269912599731178
L1364,2020,2021,2021,USA,"California, Santa Clara County（Mountain View & Palo Alto；San Francisco South Bay）",37.413999999999994,-122.1135,Lepidoptera,Multiple,Danaus plexippus,Field,Decline,"Multiple, Habitat, Pathogens",-0.998,499,Lepidoptera,Lepidoptera,Multiple,128,North America,NA,"L1364：This study reports that the western monarch overwintering population at coastal California sites declined from “more than one million” individuals in 1997 to ca. 1900 individuals in 2020 (Introduction). Decline_Value was calculated as a proportional change using the conservative baseline N_1997 = 1,000,000: Decline_Value = (1900 − 1,000,000) / 1,000,000 = −0.9981, rounded to −0.998. Sample_Size was taken as the number of newly eclosed adults tagged and released during the study period (29 Jan–12 Jun 2021): n = 499.",NA,145,lepidoptera,multiple,multiple,NA,NA,NA,NA,NA,NA,NA,lep,-6.2146080984221905,0.00200400801603206,262,Field,0.04445855157302535,0.8940642502362568,0.5968122838635657,-1.9283598310931604,1.7382469155698068,1.6291788907929825
L2366,2017,2018,2020,Brazil,"Campos do Jordão, São Paulo, Mantiqueira Range",-22.7167,-45.5167,Lepidoptera,Nymphalidae,Pampasatyrus glaucope boenninghauseni,Field,Decline,"Multiple, Habitat, Urbanization, Invasives",-0.309,979,Lepidoptera,Lepidoptera,Nymphalidae,148,South America,NA,"L2366：P. glaucope boenninghauseni Sample_Size was defined as the total number of uniquely marked individuals (“number marked”) across the two survey years. The paper reports 384 males + 195 females marked in 2017 (n=579) and 226 males + 174 females marked in 2018 (n=400), giving Sample_Size = 579 + 400 = 979. Decline_Value was calculated as proportional change in marked individuals between years: (2018 − 2017)/2017 = (400 − 579)/579 ≈ −0.309 (rounded).",NA,171,lepidoptera,nymphalidae,nymphalidae,NA,NA,NA,NA,NA,NA,NA,lep,-0.3696154552144671,0.0010214504596527,263,Field,0.5259244122491538,0.21241228186247424,0.45299843933319417,-0.40135567822315704,-0.6600285351336037,-0.06301421427021282
L2366,2017,2018,2020,Brazil,"Campos do Jordão, São Paulo, Mantiqueira Range",-22.7167,-45.5167,Lepidoptera,Nymphalidae,Pampasatyrus gyrtone biezankoi,Field,Decline,"Multiple, Habitat, Urbanization, Invasives",-0.5630000000000001,46,Lepidoptera,Lepidoptera,Nymphalidae,149,South America,NA,"L2366：P. gyrtone biezankoi Sample_Size was defined as the total number of uniquely marked individuals (“number marked”) across the two survey years. The paper reports 32 individuals marked in 2017 and 14 individuals marked in 2018, giving Sample_Size = 32 + 14 = 46. Decline_Value was calculated as proportional change in marked individuals between years: (2018 − 2017)/2017 = (14 − 32)/32 ≈ −0.563.",NA,172,lepidoptera,nymphalidae,nymphalidae,NA,NA,NA,NA,NA,NA,NA,lep,-0.827822083886547,0.0217391304347826,264,Field,0.5259244122491538,0.21241228186247424,0.45299843933319417,-0.40135567822315704,-0.6600285351336037,-0.06301421427021282
